DOC_ID: 0	DOC_NO: 0	DOC_LEN: 325
DOC_ID: 1	DOC_NO: 1	DOC_LEN: 175
DOC_ID: 2	DOC_NO: 2	DOC_LEN: 250
DOC_ID: 3	DOC_NO: 3	DOC_LEN: 297
DOC_ID: 4	DOC_NO: 4	DOC_LEN: 319
DOC_ID: 5	DOC_NO: 5	DOC_LEN: 235
DOC_ID: 6	DOC_NO: 6	DOC_LEN: 221
DOC_ID: 7	DOC_NO: 7	DOC_LEN: 518
DOC_ID: 8	DOC_NO: 8	DOC_LEN: 123
DOC_ID: 9	DOC_NO: 9	DOC_LEN: 213
DOC_ID: 10	DOC_NO: 10	DOC_LEN: 268
DOC_ID: 11	DOC_NO: 11	DOC_LEN: 170
DOC_ID: 12	DOC_NO: 12	DOC_LEN: 589
DOC_ID: 13	DOC_NO: 13	DOC_LEN: 347
DOC_ID: 14	DOC_NO: 14	DOC_LEN: 247
DOC_ID: 15	DOC_NO: 15	DOC_LEN: 461
DOC_ID: 16	DOC_NO: 16	DOC_LEN: 306
DOC_ID: 17	DOC_NO: 17	DOC_LEN: 436
DOC_ID: 18	DOC_NO: 18	DOC_LEN: 312
DOC_ID: 19	DOC_NO: 19	DOC_LEN: 386
DOC_ID: 20	DOC_NO: 20	DOC_LEN: 276
DOC_ID: 21	DOC_NO: 21	DOC_LEN: 282
DOC_ID: 22	DOC_NO: 22	DOC_LEN: 173
DOC_ID: 23	DOC_NO: 23	DOC_LEN: 173
DOC_ID: 24	DOC_NO: 24	DOC_LEN: 210
DOC_ID: 25	DOC_NO: 25	DOC_LEN: 301
DOC_ID: 26	DOC_NO: 26	DOC_LEN: 241
DOC_ID: 27	DOC_NO: 27	DOC_LEN: 215
DOC_ID: 28	DOC_NO: 28	DOC_LEN: 292
DOC_ID: 29	DOC_NO: 29	DOC_LEN: 248
DOC_ID: 30	DOC_NO: 30	DOC_LEN: 293
DOC_ID: 31	DOC_NO: 31	DOC_LEN: 235
DOC_ID: 32	DOC_NO: 32	DOC_LEN: 296
DOC_ID: 33	DOC_NO: 33	DOC_LEN: 281
DOC_ID: 34	DOC_NO: 34	DOC_LEN: 236
DOC_ID: 35	DOC_NO: 35	DOC_LEN: 308
DOC_ID: 36	DOC_NO: 36	DOC_LEN: 323
DOC_ID: 37	DOC_NO: 37	DOC_LEN: 318
DOC_ID: 38	DOC_NO: 38	DOC_LEN: 197
DOC_ID: 39	DOC_NO: 39	DOC_LEN: 269
DOC_ID: 40	DOC_NO: 40	DOC_LEN: 140
DOC_ID: 41	DOC_NO: 41	DOC_LEN: 236
DOC_ID: 42	DOC_NO: 42	DOC_LEN: 179
DOC_ID: 43	DOC_NO: 43	DOC_LEN: 346
DOC_ID: 44	DOC_NO: 44	DOC_LEN: 241
DOC_ID: 45	DOC_NO: 45	DOC_LEN: 319
DOC_ID: 46	DOC_NO: 46	DOC_LEN: 248
DOC_ID: 47	DOC_NO: 47	DOC_LEN: 287
DOC_ID: 48	DOC_NO: 48	DOC_LEN: 283
DOC_ID: 49	DOC_NO: 49	DOC_LEN: 308
DOC_ID: 50	DOC_NO: 50	DOC_LEN: 317
DOC_ID: 51	DOC_NO: 51	DOC_LEN: 314
DOC_ID: 52	DOC_NO: 52	DOC_LEN: 330
DOC_ID: 53	DOC_NO: 53	DOC_LEN: 298
DOC_ID: 54	DOC_NO: 54	DOC_LEN: 327
DOC_ID: 55	DOC_NO: 55	DOC_LEN: 214
DOC_ID: 56	DOC_NO: 56	DOC_LEN: 337
DOC_ID: 57	DOC_NO: 57	DOC_LEN: 183
DOC_ID: 58	DOC_NO: 58	DOC_LEN: 287
DOC_ID: 59	DOC_NO: 59	DOC_LEN: 562
DOC_ID: 60	DOC_NO: 60	DOC_LEN: 521
DOC_ID: 61	DOC_NO: 61	DOC_LEN: 546
DOC_ID: 62	DOC_NO: 62	DOC_LEN: 925
DOC_ID: 63	DOC_NO: 63	DOC_LEN: 535
DOC_ID: 64	DOC_NO: 64	DOC_LEN: 464
DOC_ID: 65	DOC_NO: 65	DOC_LEN: 619
DOC_ID: 66	DOC_NO: 66	DOC_LEN: 483
DOC_ID: 67	DOC_NO: 67	DOC_LEN: 465
DOC_ID: 68	DOC_NO: 68	DOC_LEN: 551
DOC_ID: 69	DOC_NO: 69	DOC_LEN: 314
DOC_ID: 70	DOC_NO: 70	DOC_LEN: 197
DOC_ID: 71	DOC_NO: 71	DOC_LEN: 413
DOC_ID: 72	DOC_NO: 72	DOC_LEN: 279
DOC_ID: 73	DOC_NO: 73	DOC_LEN: 363
DOC_ID: 74	DOC_NO: 74	DOC_LEN: 316
DOC_ID: 75	DOC_NO: 75	DOC_LEN: 255
DOC_ID: 76	DOC_NO: 76	DOC_LEN: 312
DOC_ID: 77	DOC_NO: 77	DOC_LEN: 298
DOC_ID: 78	DOC_NO: 78	DOC_LEN: 387
DOC_ID: 79	DOC_NO: 79	DOC_LEN: 283
DOC_ID: 80	DOC_NO: 80	DOC_LEN: 290
DOC_ID: 81	DOC_NO: 81	DOC_LEN: 312
DOC_ID: 82	DOC_NO: 82	DOC_LEN: 318
DOC_ID: 83	DOC_NO: 83	DOC_LEN: 311
DOC_ID: 84	DOC_NO: 84	DOC_LEN: 338
DOC_ID: 85	DOC_NO: 85	DOC_LEN: 312
DOC_ID: 86	DOC_NO: 86	DOC_LEN: 306
DOC_ID: 87	DOC_NO: 87	DOC_LEN: 275
DOC_ID: 88	DOC_NO: 88	DOC_LEN: 304
DOC_ID: 89	DOC_NO: 89	DOC_LEN: 312
DOC_ID: 90	DOC_NO: 90	DOC_LEN: 251
DOC_ID: 91	DOC_NO: 91	DOC_LEN: 343
DOC_ID: 92	DOC_NO: 92	DOC_LEN: 322
DOC_ID: 93	DOC_NO: 93	DOC_LEN: 220
DOC_ID: 94	DOC_NO: 94	DOC_LEN: 132
DOC_ID: 95	DOC_NO: 95	DOC_LEN: 113
DOC_ID: 96	DOC_NO: 96	DOC_LEN: 497
DOC_ID: 97	DOC_NO: 97	DOC_LEN: 196
DOC_ID: 98	DOC_NO: 98	DOC_LEN: 347
DOC_ID: 99	DOC_NO: 99	DOC_LEN: 326
DOC_ID: 100	DOC_NO: 100	DOC_LEN: 224
DOC_ID: 101	DOC_NO: 101	DOC_LEN: 323
DOC_ID: 102	DOC_NO: 102	DOC_LEN: 360
DOC_ID: 103	DOC_NO: 103	DOC_LEN: 249
DOC_ID: 104	DOC_NO: 104	DOC_LEN: 277
DOC_ID: 105	DOC_NO: 105	DOC_LEN: 296
DOC_ID: 106	DOC_NO: 106	DOC_LEN: 350
DOC_ID: 107	DOC_NO: 107	DOC_LEN: 228
DOC_ID: 108	DOC_NO: 108	DOC_LEN: 348
DOC_ID: 109	DOC_NO: 109	DOC_LEN: 222
DOC_ID: 110	DOC_NO: 110	DOC_LEN: 303
DOC_ID: 111	DOC_NO: 111	DOC_LEN: 201
DOC_ID: 112	DOC_NO: 112	DOC_LEN: 362
DOC_ID: 113	DOC_NO: 113	DOC_LEN: 318
DOC_ID: 114	DOC_NO: 114	DOC_LEN: 272
DOC_ID: 115	DOC_NO: 115	DOC_LEN: 275
DOC_ID: 116	DOC_NO: 116	DOC_LEN: 308
DOC_ID: 117	DOC_NO: 117	DOC_LEN: 316
DOC_ID: 118	DOC_NO: 118	DOC_LEN: 171
DOC_ID: 119	DOC_NO: 119	DOC_LEN: 308
DOC_ID: 120	DOC_NO: 120	DOC_LEN: 463
DOC_ID: 121	DOC_NO: 121	DOC_LEN: 131
DOC_ID: 122	DOC_NO: 122	DOC_LEN: 266
DOC_ID: 123	DOC_NO: 123	DOC_LEN: 286
DOC_ID: 124	DOC_NO: 124	DOC_LEN: 262
DOC_ID: 125	DOC_NO: 125	DOC_LEN: 320
DOC_ID: 126	DOC_NO: 126	DOC_LEN: 284
DOC_ID: 127	DOC_NO: 127	DOC_LEN: 350
DOC_ID: 128	DOC_NO: 128	DOC_LEN: 398
DOC_ID: 129	DOC_NO: 129	DOC_LEN: 219
DOC_ID: 130	DOC_NO: 130	DOC_LEN: 268
DOC_ID: 131	DOC_NO: 131	DOC_LEN: 200
DOC_ID: 132	DOC_NO: 132	DOC_LEN: 249
DOC_ID: 133	DOC_NO: 133	DOC_LEN: 279
DOC_ID: 134	DOC_NO: 134	DOC_LEN: 249
DOC_ID: 135	DOC_NO: 135	DOC_LEN: 318
DOC_ID: 136	DOC_NO: 136	DOC_LEN: 305
DOC_ID: 137	DOC_NO: 137	DOC_LEN: 198
DOC_ID: 138	DOC_NO: 138	DOC_LEN: 319
DOC_ID: 139	DOC_NO: 139	DOC_LEN: 111
DOC_ID: 140	DOC_NO: 140	DOC_LEN: 247
DOC_ID: 141	DOC_NO: 141	DOC_LEN: 319
DOC_ID: 142	DOC_NO: 142	DOC_LEN: 165
DOC_ID: 143	DOC_NO: 143	DOC_LEN: 204
DOC_ID: 144	DOC_NO: 144	DOC_LEN: 243
DOC_ID: 145	DOC_NO: 145	DOC_LEN: 453
DOC_ID: 146	DOC_NO: 146	DOC_LEN: 393
DOC_ID: 147	DOC_NO: 147	DOC_LEN: 338
DOC_ID: 148	DOC_NO: 148	DOC_LEN: 252
DOC_ID: 149	DOC_NO: 149	DOC_LEN: 302
DOC_ID: 150	DOC_NO: 150	DOC_LEN: 213
DOC_ID: 151	DOC_NO: 151	DOC_LEN: 301
DOC_ID: 152	DOC_NO: 152	DOC_LEN: 266
DOC_ID: 153	DOC_NO: 153	DOC_LEN: 279
DOC_ID: 154	DOC_NO: 154	DOC_LEN: 278
DOC_ID: 155	DOC_NO: 155	DOC_LEN: 318
DOC_ID: 156	DOC_NO: 156	DOC_LEN: 349
DOC_ID: 157	DOC_NO: 157	DOC_LEN: 271
DOC_ID: 158	DOC_NO: 158	DOC_LEN: 318
DOC_ID: 159	DOC_NO: 159	DOC_LEN: 398
DOC_ID: 160	DOC_NO: 160	DOC_LEN: 255
DOC_ID: 161	DOC_NO: 161	DOC_LEN: 275
DOC_ID: 162	DOC_NO: 162	DOC_LEN: 198
DOC_ID: 163	DOC_NO: 163	DOC_LEN: 351
DOC_ID: 164	DOC_NO: 164	DOC_LEN: 277
DOC_ID: 165	DOC_NO: 165	DOC_LEN: 393
DOC_ID: 166	DOC_NO: 166	DOC_LEN: 253
DOC_ID: 167	DOC_NO: 167	DOC_LEN: 305
DOC_ID: 168	DOC_NO: 168	DOC_LEN: 229
DOC_ID: 169	DOC_NO: 169	DOC_LEN: 278
DOC_ID: 170	DOC_NO: 170	DOC_LEN: 332
DOC_ID: 171	DOC_NO: 171	DOC_LEN: 190
DOC_ID: 172	DOC_NO: 172	DOC_LEN: 428
DOC_ID: 173	DOC_NO: 173	DOC_LEN: 236
DOC_ID: 174	DOC_NO: 174	DOC_LEN: 289
DOC_ID: 175	DOC_NO: 175	DOC_LEN: 302
DOC_ID: 176	DOC_NO: 176	DOC_LEN: 350
DOC_ID: 177	DOC_NO: 177	DOC_LEN: 453
DOC_ID: 178	DOC_NO: 178	DOC_LEN: 411
DOC_ID: 179	DOC_NO: 179	DOC_LEN: 537
DOC_ID: 180	DOC_NO: 180	DOC_LEN: 440
DOC_ID: 181	DOC_NO: 181	DOC_LEN: 616
DOC_ID: 182	DOC_NO: 182	DOC_LEN: 519
DOC_ID: 183	DOC_NO: 183	DOC_LEN: 570
DOC_ID: 184	DOC_NO: 184	DOC_LEN: 579
DOC_ID: 185	DOC_NO: 185	DOC_LEN: 515
DOC_ID: 186	DOC_NO: 186	DOC_LEN: 609
DOC_ID: 187	DOC_NO: 187	DOC_LEN: 475
DOC_ID: 188	DOC_NO: 188	DOC_LEN: 527
DOC_ID: 189	DOC_NO: 189	DOC_LEN: 225
DOC_ID: 190	DOC_NO: 190	DOC_LEN: 328
DOC_ID: 191	DOC_NO: 191	DOC_LEN: 324
DOC_ID: 192	DOC_NO: 192	DOC_LEN: 244
DOC_ID: 193	DOC_NO: 193	DOC_LEN: 321
DOC_ID: 194	DOC_NO: 194	DOC_LEN: 316
DOC_ID: 195	DOC_NO: 195	DOC_LEN: 301
DOC_ID: 196	DOC_NO: 196	DOC_LEN: 312
DOC_ID: 197	DOC_NO: 197	DOC_LEN: 265
DOC_ID: 198	DOC_NO: 198	DOC_LEN: 330
DOC_ID: 199	DOC_NO: 199	DOC_LEN: 573
DOC_ID: 200	DOC_NO: 200	DOC_LEN: 475
DOC_ID: 201	DOC_NO: 201	DOC_LEN: 498
DOC_ID: 202	DOC_NO: 202	DOC_LEN: 547
DOC_ID: 203	DOC_NO: 203	DOC_LEN: 612
DOC_ID: 204	DOC_NO: 204	DOC_LEN: 559
DOC_ID: 205	DOC_NO: 205	DOC_LEN: 524
DOC_ID: 206	DOC_NO: 206	DOC_LEN: 438
DOC_ID: 207	DOC_NO: 207	DOC_LEN: 480
DOC_ID: 208	DOC_NO: 208	DOC_LEN: 403
DOC_ID: 209	DOC_NO: 209	DOC_LEN: 306
DOC_ID: 210	DOC_NO: 210	DOC_LEN: 335
DOC_ID: 211	DOC_NO: 211	DOC_LEN: 300
DOC_ID: 212	DOC_NO: 212	DOC_LEN: 276
DOC_ID: 213	DOC_NO: 213	DOC_LEN: 290
DOC_ID: 214	DOC_NO: 214	DOC_LEN: 205
DOC_ID: 215	DOC_NO: 215	DOC_LEN: 283
DOC_ID: 216	DOC_NO: 216	DOC_LEN: 294
DOC_ID: 217	DOC_NO: 217	DOC_LEN: 392
DOC_ID: 218	DOC_NO: 218	DOC_LEN: 286
DOC_ID: 219	DOC_NO: 219	DOC_LEN: 373
DOC_ID: 220	DOC_NO: 220	DOC_LEN: 321
DOC_ID: 221	DOC_NO: 221	DOC_LEN: 544
DOC_ID: 222	DOC_NO: 222	DOC_LEN: 245
DOC_ID: 223	DOC_NO: 223	DOC_LEN: 487
DOC_ID: 224	DOC_NO: 224	DOC_LEN: 195
DOC_ID: 225	DOC_NO: 225	DOC_LEN: 93
DOC_ID: 226	DOC_NO: 226	DOC_LEN: 249
DOC_ID: 227	DOC_NO: 227	DOC_LEN: 257
DOC_ID: 228	DOC_NO: 228	DOC_LEN: 322
DOC_ID: 229	DOC_NO: 229	DOC_LEN: 296
DOC_ID: 230	DOC_NO: 230	DOC_LEN: 311
DOC_ID: 231	DOC_NO: 231	DOC_LEN: 318
DOC_ID: 232	DOC_NO: 232	DOC_LEN: 240
DOC_ID: 233	DOC_NO: 233	DOC_LEN: 273
DOC_ID: 234	DOC_NO: 234	DOC_LEN: 287
DOC_ID: 235	DOC_NO: 235	DOC_LEN: 284
DOC_ID: 236	DOC_NO: 236	DOC_LEN: 318
DOC_ID: 237	DOC_NO: 237	DOC_LEN: 275
DOC_ID: 238	DOC_NO: 238	DOC_LEN: 252
DOC_ID: 239	DOC_NO: 239	DOC_LEN: 278
DOC_ID: 240	DOC_NO: 240	DOC_LEN: 325
DOC_ID: 241	DOC_NO: 241	DOC_LEN: 256
DOC_ID: 242	DOC_NO: 242	DOC_LEN: 321
DOC_ID: 243	DOC_NO: 243	DOC_LEN: 253
DOC_ID: 244	DOC_NO: 244	DOC_LEN: 312
DOC_ID: 245	DOC_NO: 245	DOC_LEN: 327
DOC_ID: 246	DOC_NO: 246	DOC_LEN: 300
DOC_ID: 247	DOC_NO: 247	DOC_LEN: 276
DOC_ID: 248	DOC_NO: 248	DOC_LEN: 413
DOC_ID: 249	DOC_NO: 249	DOC_LEN: 244
DOC_ID: 250	DOC_NO: 250	DOC_LEN: 284
DOC_ID: 251	DOC_NO: 251	DOC_LEN: 199
DOC_ID: 252	DOC_NO: 252	DOC_LEN: 103
DOC_ID: 253	DOC_NO: 253	DOC_LEN: 119
DOC_ID: 254	DOC_NO: 254	DOC_LEN: 206
DOC_ID: 255	DOC_NO: 255	DOC_LEN: 316
DOC_ID: 256	DOC_NO: 256	DOC_LEN: 325
DOC_ID: 257	DOC_NO: 257	DOC_LEN: 299
DOC_ID: 258	DOC_NO: 258	DOC_LEN: 284
DOC_ID: 259	DOC_NO: 259	DOC_LEN: 415
DOC_ID: 260	DOC_NO: 260	DOC_LEN: 414
DOC_ID: 261	DOC_NO: 261	DOC_LEN: 136
DOC_ID: 262	DOC_NO: 262	DOC_LEN: 278
DOC_ID: 263	DOC_NO: 263	DOC_LEN: 348
DOC_ID: 264	DOC_NO: 264	DOC_LEN: 243
DOC_ID: 265	DOC_NO: 265	DOC_LEN: 211
DOC_ID: 266	DOC_NO: 266	DOC_LEN: 277
DOC_ID: 267	DOC_NO: 267	DOC_LEN: 368
DOC_ID: 268	DOC_NO: 268	DOC_LEN: 242
DOC_ID: 269	DOC_NO: 269	DOC_LEN: 195
DOC_ID: 270	DOC_NO: 270	DOC_LEN: 372
DOC_ID: 271	DOC_NO: 271	DOC_LEN: 326
DOC_ID: 272	DOC_NO: 272	DOC_LEN: 325
DOC_ID: 273	DOC_NO: 273	DOC_LEN: 196
DOC_ID: 274	DOC_NO: 274	DOC_LEN: 239
DOC_ID: 275	DOC_NO: 275	DOC_LEN: 210
DOC_ID: 276	DOC_NO: 276	DOC_LEN: 309
DOC_ID: 277	DOC_NO: 277	DOC_LEN: 231
DOC_ID: 278	DOC_NO: 278	DOC_LEN: 263
DOC_ID: 279	DOC_NO: 279	DOC_LEN: 173
DOC_ID: 280	DOC_NO: 280	DOC_LEN: 229
DOC_ID: 281	DOC_NO: 281	DOC_LEN: 272
DOC_ID: 282	DOC_NO: 282	DOC_LEN: 334
DOC_ID: 283	DOC_NO: 283	DOC_LEN: 244
DOC_ID: 284	DOC_NO: 284	DOC_LEN: 223
DOC_ID: 285	DOC_NO: 285	DOC_LEN: 170
DOC_ID: 286	DOC_NO: 286	DOC_LEN: 334
DOC_ID: 287	DOC_NO: 287	DOC_LEN: 349
DOC_ID: 288	DOC_NO: 288	DOC_LEN: 309
DOC_ID: 289	DOC_NO: 289	DOC_LEN: 510
DOC_ID: 290	DOC_NO: 290	DOC_LEN: 574
DOC_ID: 291	DOC_NO: 291	DOC_LEN: 325
DOC_ID: 292	DOC_NO: 292	DOC_LEN: 608
DOC_ID: 293	DOC_NO: 293	DOC_LEN: 560
DOC_ID: 294	DOC_NO: 294	DOC_LEN: 505
DOC_ID: 295	DOC_NO: 295	DOC_LEN: 513
DOC_ID: 296	DOC_NO: 296	DOC_LEN: 584
DOC_ID: 297	DOC_NO: 297	DOC_LEN: 347
DOC_ID: 298	DOC_NO: 298	DOC_LEN: 503
DOC_ID: 299	DOC_NO: 299	DOC_LEN: 304
DOC_ID: 300	DOC_NO: 300	DOC_LEN: 261
DOC_ID: 301	DOC_NO: 301	DOC_LEN: 197
DOC_ID: 302	DOC_NO: 302	DOC_LEN: 283
DOC_ID: 303	DOC_NO: 303	DOC_LEN: 219
DOC_ID: 304	DOC_NO: 304	DOC_LEN: 309
DOC_ID: 305	DOC_NO: 305	DOC_LEN: 318
DOC_ID: 306	DOC_NO: 306	DOC_LEN: 212
DOC_ID: 307	DOC_NO: 307	DOC_LEN: 243
DOC_ID: 308	DOC_NO: 308	DOC_LEN: 267
DOC_ID: 309	DOC_NO: 309	DOC_LEN: 416
DOC_ID: 310	DOC_NO: 310	DOC_LEN: 272
DOC_ID: 311	DOC_NO: 311	DOC_LEN: 352
DOC_ID: 312	DOC_NO: 312	DOC_LEN: 321
DOC_ID: 313	DOC_NO: 313	DOC_LEN: 298
DOC_ID: 314	DOC_NO: 314	DOC_LEN: 362
DOC_ID: 315	DOC_NO: 315	DOC_LEN: 255
DOC_ID: 316	DOC_NO: 316	DOC_LEN: 266
DOC_ID: 317	DOC_NO: 317	DOC_LEN: 243
DOC_ID: 318	DOC_NO: 318	DOC_LEN: 232
DOC_ID: 319	DOC_NO: 319	DOC_LEN: 264
DOC_ID: 320	DOC_NO: 320	DOC_LEN: 232
DOC_ID: 321	DOC_NO: 321	DOC_LEN: 121
DOC_ID: 322	DOC_NO: 322	DOC_LEN: 296
DOC_ID: 323	DOC_NO: 323	DOC_LEN: 257
DOC_ID: 324	DOC_NO: 324	DOC_LEN: 269
DOC_ID: 325	DOC_NO: 325	DOC_LEN: 300
DOC_ID: 326	DOC_NO: 326	DOC_LEN: 285
DOC_ID: 327	DOC_NO: 327	DOC_LEN: 312
DOC_ID: 328	DOC_NO: 328	DOC_LEN: 450
DOC_ID: 329	DOC_NO: 329	DOC_LEN: 358
DOC_ID: 330	DOC_NO: 330	DOC_LEN: 333
DOC_ID: 331	DOC_NO: 331	DOC_LEN: 273
DOC_ID: 332	DOC_NO: 332	DOC_LEN: 164
DOC_ID: 333	DOC_NO: 333	DOC_LEN: 305
DOC_ID: 334	DOC_NO: 334	DOC_LEN: 296
DOC_ID: 335	DOC_NO: 335	DOC_LEN: 207
DOC_ID: 336	DOC_NO: 336	DOC_LEN: 183
DOC_ID: 337	DOC_NO: 337	DOC_LEN: 245
DOC_ID: 338	DOC_NO: 338	DOC_LEN: 271
DOC_ID: 339	DOC_NO: 339	DOC_LEN: 232
DOC_ID: 340	DOC_NO: 340	DOC_LEN: 249
DOC_ID: 341	DOC_NO: 341	DOC_LEN: 455
DOC_ID: 342	DOC_NO: 342	DOC_LEN: 238
DOC_ID: 343	DOC_NO: 343	DOC_LEN: 247
DOC_ID: 344	DOC_NO: 344	DOC_LEN: 288
DOC_ID: 345	DOC_NO: 345	DOC_LEN: 273
DOC_ID: 346	DOC_NO: 346	DOC_LEN: 240
DOC_ID: 347	DOC_NO: 347	DOC_LEN: 197
DOC_ID: 348	DOC_NO: 348	DOC_LEN: 251
DOC_ID: 349	DOC_NO: 349	DOC_LEN: 281
DOC_ID: 350	DOC_NO: 350	DOC_LEN: 370
DOC_ID: 351	DOC_NO: 351	DOC_LEN: 386
DOC_ID: 352	DOC_NO: 352	DOC_LEN: 291
DOC_ID: 353	DOC_NO: 353	DOC_LEN: 312
DOC_ID: 354	DOC_NO: 354	DOC_LEN: 305
DOC_ID: 355	DOC_NO: 355	DOC_LEN: 315
DOC_ID: 356	DOC_NO: 356	DOC_LEN: 484
DOC_ID: 357	DOC_NO: 357	DOC_LEN: 504
DOC_ID: 358	DOC_NO: 358	DOC_LEN: 312
DOC_ID: 359	DOC_NO: 359	DOC_LEN: 348
DOC_ID: 360	DOC_NO: 360	DOC_LEN: 820
DOC_ID: 361	DOC_NO: 361	DOC_LEN: 460
DOC_ID: 362	DOC_NO: 362	DOC_LEN: 504
DOC_ID: 363	DOC_NO: 363	DOC_LEN: 448
DOC_ID: 364	DOC_NO: 364	DOC_LEN: 498
DOC_ID: 365	DOC_NO: 365	DOC_LEN: 359
DOC_ID: 366	DOC_NO: 366	DOC_LEN: 259
DOC_ID: 367	DOC_NO: 367	DOC_LEN: 309
DOC_ID: 368	DOC_NO: 368	DOC_LEN: 480
DOC_ID: 369	DOC_NO: 369	DOC_LEN: 311
DOC_ID: 370	DOC_NO: 370	DOC_LEN: 317
DOC_ID: 371	DOC_NO: 371	DOC_LEN: 298
DOC_ID: 372	DOC_NO: 372	DOC_LEN: 202
DOC_ID: 373	DOC_NO: 373	DOC_LEN: 251
DOC_ID: 374	DOC_NO: 374	DOC_LEN: 314
DOC_ID: 375	DOC_NO: 375	DOC_LEN: 305
DOC_ID: 376	DOC_NO: 376	DOC_LEN: 291
DOC_ID: 377	DOC_NO: 377	DOC_LEN: 204
DOC_ID: 378	DOC_NO: 378	DOC_LEN: 348
DOC_ID: 379	DOC_NO: 379	DOC_LEN: 311
DOC_ID: 380	DOC_NO: 380	DOC_LEN: 320
DOC_ID: 381	DOC_NO: 381	DOC_LEN: 400
DOC_ID: 382	DOC_NO: 382	DOC_LEN: 202
DOC_ID: 383	DOC_NO: 383	DOC_LEN: 252
DOC_ID: 384	DOC_NO: 384	DOC_LEN: 299
DOC_ID: 385	DOC_NO: 385	DOC_LEN: 368
DOC_ID: 386	DOC_NO: 386	DOC_LEN: 208
DOC_ID: 387	DOC_NO: 387	DOC_LEN: 349
DOC_ID: 388	DOC_NO: 388	DOC_LEN: 205
DOC_ID: 389	DOC_NO: 389	DOC_LEN: 319
DOC_ID: 390	DOC_NO: 390	DOC_LEN: 274
DOC_ID: 391	DOC_NO: 391	DOC_LEN: 341
DOC_ID: 392	DOC_NO: 392	DOC_LEN: 331
DOC_ID: 393	DOC_NO: 393	DOC_LEN: 247
DOC_ID: 394	DOC_NO: 394	DOC_LEN: 274
DOC_ID: 395	DOC_NO: 395	DOC_LEN: 278
DOC_ID: 396	DOC_NO: 396	DOC_LEN: 245
DOC_ID: 397	DOC_NO: 397	DOC_LEN: 233
DOC_ID: 398	DOC_NO: 398	DOC_LEN: 318
DOC_ID: 399	DOC_NO: 399	DOC_LEN: 403
DOC_ID: 400	DOC_NO: 400	DOC_LEN: 277
DOC_ID: 401	DOC_NO: 401	DOC_LEN: 214
DOC_ID: 402	DOC_NO: 402	DOC_LEN: 215
DOC_ID: 403	DOC_NO: 403	DOC_LEN: 331
DOC_ID: 404	DOC_NO: 404	DOC_LEN: 255
DOC_ID: 405	DOC_NO: 405	DOC_LEN: 365
DOC_ID: 406	DOC_NO: 406	DOC_LEN: 296
DOC_ID: 407	DOC_NO: 407	DOC_LEN: 404
DOC_ID: 408	DOC_NO: 408	DOC_LEN: 127
DOC_ID: 409	DOC_NO: 409	DOC_LEN: 521
DOC_ID: 410	DOC_NO: 410	DOC_LEN: 528
DOC_ID: 411	DOC_NO: 411	DOC_LEN: 263
DOC_ID: 412	DOC_NO: 412	DOC_LEN: 446
DOC_ID: 413	DOC_NO: 413	DOC_LEN: 279
DOC_ID: 414	DOC_NO: 414	DOC_LEN: 296
DOC_ID: 415	DOC_NO: 415	DOC_LEN: 256
DOC_ID: 416	DOC_NO: 416	DOC_LEN: 235
DOC_ID: 417	DOC_NO: 417	DOC_LEN: 271
DOC_ID: 418	DOC_NO: 418	DOC_LEN: 422
DOC_ID: 419	DOC_NO: 419	DOC_LEN: 479
DOC_ID: 420	DOC_NO: 420	DOC_LEN: 226
DOC_ID: 421	DOC_NO: 421	DOC_LEN: 214
DOC_ID: 422	DOC_NO: 422	DOC_LEN: 240
DOC_ID: 423	DOC_NO: 423	DOC_LEN: 271
DOC_ID: 424	DOC_NO: 424	DOC_LEN: 295
DOC_ID: 425	DOC_NO: 425	DOC_LEN: 277
DOC_ID: 426	DOC_NO: 426	DOC_LEN: 470
DOC_ID: 427	DOC_NO: 427	DOC_LEN: 247
DOC_ID: 428	DOC_NO: 428	DOC_LEN: 227
DOC_ID: 429	DOC_NO: 429	DOC_LEN: 300
DOC_ID: 430	DOC_NO: 430	DOC_LEN: 220
DOC_ID: 431	DOC_NO: 431	DOC_LEN: 331
DOC_ID: 432	DOC_NO: 432	DOC_LEN: 353
DOC_ID: 433	DOC_NO: 433	DOC_LEN: 275
DOC_ID: 434	DOC_NO: 434	DOC_LEN: 285
DOC_ID: 435	DOC_NO: 435	DOC_LEN: 279
DOC_ID: 436	DOC_NO: 436	DOC_LEN: 341
DOC_ID: 437	DOC_NO: 437	DOC_LEN: 340
DOC_ID: 438	DOC_NO: 438	DOC_LEN: 287
DOC_ID: 439	DOC_NO: 439	DOC_LEN: 224
DOC_ID: 440	DOC_NO: 440	DOC_LEN: 295
DOC_ID: 441	DOC_NO: 441	DOC_LEN: 405
DOC_ID: 442	DOC_NO: 442	DOC_LEN: 270
DOC_ID: 443	DOC_NO: 443	DOC_LEN: 228
DOC_ID: 444	DOC_NO: 444	DOC_LEN: 284
DOC_ID: 445	DOC_NO: 445	DOC_LEN: 436
DOC_ID: 446	DOC_NO: 446	DOC_LEN: 278
DOC_ID: 447	DOC_NO: 447	DOC_LEN: 243
DOC_ID: 448	DOC_NO: 448	DOC_LEN: 293
DOC_ID: 449	DOC_NO: 449	DOC_LEN: 518
DOC_ID: 450	DOC_NO: 450	DOC_LEN: 346
DOC_ID: 451	DOC_NO: 451	DOC_LEN: 663
DOC_ID: 452	DOC_NO: 452	DOC_LEN: 714
DOC_ID: 453	DOC_NO: 453	DOC_LEN: 654
DOC_ID: 454	DOC_NO: 454	DOC_LEN: 599
DOC_ID: 455	DOC_NO: 455	DOC_LEN: 540
DOC_ID: 456	DOC_NO: 456	DOC_LEN: 409
DOC_ID: 457	DOC_NO: 457	DOC_LEN: 561
DOC_ID: 458	DOC_NO: 458	DOC_LEN: 508
DOC_ID: 459	DOC_NO: 459	DOC_LEN: 306
DOC_ID: 460	DOC_NO: 460	DOC_LEN: 279
DOC_ID: 461	DOC_NO: 461	DOC_LEN: 311
DOC_ID: 462	DOC_NO: 462	DOC_LEN: 185
DOC_ID: 463	DOC_NO: 463	DOC_LEN: 207
DOC_ID: 464	DOC_NO: 464	DOC_LEN: 357
DOC_ID: 465	DOC_NO: 465	DOC_LEN: 299
DOC_ID: 466	DOC_NO: 466	DOC_LEN: 397
DOC_ID: 467	DOC_NO: 467	DOC_LEN: 307
DOC_ID: 468	DOC_NO: 468	DOC_LEN: 226
DOC_ID: 469	DOC_NO: 469	DOC_LEN: 696
DOC_ID: 470	DOC_NO: 470	DOC_LEN: 534
DOC_ID: 471	DOC_NO: 471	DOC_LEN: 581
DOC_ID: 472	DOC_NO: 472	DOC_LEN: 597
DOC_ID: 473	DOC_NO: 473	DOC_LEN: 467
DOC_ID: 474	DOC_NO: 474	DOC_LEN: 569
DOC_ID: 475	DOC_NO: 475	DOC_LEN: 484
DOC_ID: 476	DOC_NO: 476	DOC_LEN: 466
DOC_ID: 477	DOC_NO: 477	DOC_LEN: 572
DOC_ID: 478	DOC_NO: 478	DOC_LEN: 573
DOC_ID: 479	DOC_NO: 479	DOC_LEN: 258
DOC_ID: 480	DOC_NO: 480	DOC_LEN: 161
DOC_ID: 481	DOC_NO: 481	DOC_LEN: 170
DOC_ID: 482	DOC_NO: 482	DOC_LEN: 233
DOC_ID: 483	DOC_NO: 483	DOC_LEN: 237
DOC_ID: 484	DOC_NO: 484	DOC_LEN: 161
DOC_ID: 485	DOC_NO: 485	DOC_LEN: 278
DOC_ID: 486	DOC_NO: 486	DOC_LEN: 252
DOC_ID: 487	DOC_NO: 487	DOC_LEN: 154
DOC_ID: 488	DOC_NO: 488	DOC_LEN: 194
DOC_ID: 489	DOC_NO: 489	DOC_LEN: 265
DOC_ID: 490	DOC_NO: 490	DOC_LEN: 314
DOC_ID: 491	DOC_NO: 491	DOC_LEN: 247
DOC_ID: 492	DOC_NO: 492	DOC_LEN: 485
DOC_ID: 493	DOC_NO: 493	DOC_LEN: 235
DOC_ID: 494	DOC_NO: 494	DOC_LEN: 305
DOC_ID: 495	DOC_NO: 495	DOC_LEN: 378
DOC_ID: 496	DOC_NO: 496	DOC_LEN: 281
DOC_ID: 497	DOC_NO: 497	DOC_LEN: 232
DOC_ID: 498	DOC_NO: 498	DOC_LEN: 264
DOC_ID: 499	DOC_NO: 499	DOC_LEN: 303
DOC_ID: 500	DOC_NO: 500	DOC_LEN: 260
DOC_ID: 501	DOC_NO: 501	DOC_LEN: 255
DOC_ID: 502	DOC_NO: 502	DOC_LEN: 185
DOC_ID: 503	DOC_NO: 503	DOC_LEN: 416
DOC_ID: 504	DOC_NO: 504	DOC_LEN: 281
DOC_ID: 505	DOC_NO: 505	DOC_LEN: 377
DOC_ID: 506	DOC_NO: 506	DOC_LEN: 332
DOC_ID: 507	DOC_NO: 507	DOC_LEN: 347
DOC_ID: 508	DOC_NO: 508	DOC_LEN: 222
DOC_ID: 509	DOC_NO: 509	DOC_LEN: 218
DOC_ID: 510	DOC_NO: 510	DOC_LEN: 305
DOC_ID: 511	DOC_NO: 511	DOC_LEN: 323
DOC_ID: 512	DOC_NO: 512	DOC_LEN: 256
DOC_ID: 513	DOC_NO: 513	DOC_LEN: 300
DOC_ID: 514	DOC_NO: 514	DOC_LEN: 273
DOC_ID: 515	DOC_NO: 515	DOC_LEN: 228
DOC_ID: 516	DOC_NO: 516	DOC_LEN: 267
DOC_ID: 517	DOC_NO: 517	DOC_LEN: 219
DOC_ID: 518	DOC_NO: 518	DOC_LEN: 276
DOC_ID: 519	DOC_NO: 519	DOC_LEN: 276
DOC_ID: 520	DOC_NO: 520	DOC_LEN: 392
DOC_ID: 521	DOC_NO: 521	DOC_LEN: 143
DOC_ID: 522	DOC_NO: 522	DOC_LEN: 330
DOC_ID: 523	DOC_NO: 523	DOC_LEN: 275
DOC_ID: 524	DOC_NO: 524	DOC_LEN: 77
DOC_ID: 525	DOC_NO: 525	DOC_LEN: 447
DOC_ID: 526	DOC_NO: 526	DOC_LEN: 260
DOC_ID: 527	DOC_NO: 527	DOC_LEN: 65
DOC_ID: 528	DOC_NO: 528	DOC_LEN: 109
DOC_ID: 529	DOC_NO: 529	DOC_LEN: 251
DOC_ID: 530	DOC_NO: 530	DOC_LEN: 156
DOC_ID: 531	DOC_NO: 531	DOC_LEN: 88
DOC_ID: 532	DOC_NO: 532	DOC_LEN: 173
DOC_ID: 533	DOC_NO: 533	DOC_LEN: 175
DOC_ID: 534	DOC_NO: 534	DOC_LEN: 347
DOC_ID: 535	DOC_NO: 535	DOC_LEN: 315
DOC_ID: 536	DOC_NO: 536	DOC_LEN: 332
DOC_ID: 537	DOC_NO: 537	DOC_LEN: 248
DOC_ID: 538	DOC_NO: 538	DOC_LEN: 299
DOC_ID: 539	DOC_NO: 539	DOC_LEN: 221
DOC_ID: 540	DOC_NO: 540	DOC_LEN: 318
DOC_ID: 541	DOC_NO: 541	DOC_LEN: 247
DOC_ID: 542	DOC_NO: 542	DOC_LEN: 312
DOC_ID: 543	DOC_NO: 543	DOC_LEN: 315
DOC_ID: 544	DOC_NO: 544	DOC_LEN: 297
DOC_ID: 545	DOC_NO: 545	DOC_LEN: 414
DOC_ID: 546	DOC_NO: 546	DOC_LEN: 217
DOC_ID: 547	DOC_NO: 547	DOC_LEN: 197
DOC_ID: 548	DOC_NO: 548	DOC_LEN: 319
DOC_ID: 549	DOC_NO: 549	DOC_LEN: 294
DOC_ID: 550	DOC_NO: 550	DOC_LEN: 258
DOC_ID: 551	DOC_NO: 551	DOC_LEN: 306
DOC_ID: 552	DOC_NO: 552	DOC_LEN: 89
DOC_ID: 553	DOC_NO: 553	DOC_LEN: 295
DOC_ID: 554	DOC_NO: 554	DOC_LEN: 240
DOC_ID: 555	DOC_NO: 555	DOC_LEN: 257
DOC_ID: 556	DOC_NO: 556	DOC_LEN: 243
DOC_ID: 557	DOC_NO: 557	DOC_LEN: 318
DOC_ID: 558	DOC_NO: 558	DOC_LEN: 320
DOC_ID: 559	DOC_NO: 559	DOC_LEN: 315
DOC_ID: 560	DOC_NO: 560	DOC_LEN: 334
DOC_ID: 561	DOC_NO: 561	DOC_LEN: 260
DOC_ID: 562	DOC_NO: 562	DOC_LEN: 409
DOC_ID: 563	DOC_NO: 563	DOC_LEN: 346
DOC_ID: 564	DOC_NO: 564	DOC_LEN: 280
DOC_ID: 565	DOC_NO: 565	DOC_LEN: 321
DOC_ID: 566	DOC_NO: 566	DOC_LEN: 322
DOC_ID: 567	DOC_NO: 567	DOC_LEN: 227
DOC_ID: 568	DOC_NO: 568	DOC_LEN: 224
DOC_ID: 569	DOC_NO: 569	DOC_LEN: 314
DOC_ID: 570	DOC_NO: 570	DOC_LEN: 347
DOC_ID: 571	DOC_NO: 571	DOC_LEN: 243
DOC_ID: 572	DOC_NO: 572	DOC_LEN: 440
DOC_ID: 573	DOC_NO: 573	DOC_LEN: 362
DOC_ID: 574	DOC_NO: 574	DOC_LEN: 327
DOC_ID: 575	DOC_NO: 575	DOC_LEN: 339
DOC_ID: 576	DOC_NO: 576	DOC_LEN: 477
DOC_ID: 577	DOC_NO: 577	DOC_LEN: 263
DOC_ID: 578	DOC_NO: 578	DOC_LEN: 378
DOC_ID: 579	DOC_NO: 579	DOC_LEN: 399
DOC_ID: 580	DOC_NO: 580	DOC_LEN: 232
DOC_ID: 581	DOC_NO: 581	DOC_LEN: 283
DOC_ID: 582	DOC_NO: 582	DOC_LEN: 304
DOC_ID: 583	DOC_NO: 583	DOC_LEN: 264
DOC_ID: 584	DOC_NO: 584	DOC_LEN: 284
DOC_ID: 585	DOC_NO: 585	DOC_LEN: 301
DOC_ID: 586	DOC_NO: 586	DOC_LEN: 293
DOC_ID: 587	DOC_NO: 587	DOC_LEN: 307
DOC_ID: 588	DOC_NO: 588	DOC_LEN: 341
DOC_ID: 589	DOC_NO: 589	DOC_LEN: 224
DOC_ID: 590	DOC_NO: 590	DOC_LEN: 312
DOC_ID: 591	DOC_NO: 591	DOC_LEN: 231
DOC_ID: 592	DOC_NO: 592	DOC_LEN: 307
DOC_ID: 593	DOC_NO: 593	DOC_LEN: 175
DOC_ID: 594	DOC_NO: 594	DOC_LEN: 220
DOC_ID: 595	DOC_NO: 595	DOC_LEN: 293
DOC_ID: 596	DOC_NO: 596	DOC_LEN: 437
DOC_ID: 597	DOC_NO: 597	DOC_LEN: 359
DOC_ID: 598	DOC_NO: 598	DOC_LEN: 285
DOC_ID: 599	DOC_NO: 599	DOC_LEN: 205
DOC_ID: 600	DOC_NO: 600	DOC_LEN: 312
DOC_ID: 601	DOC_NO: 601	DOC_LEN: 263
DOC_ID: 602	DOC_NO: 602	DOC_LEN: 403
DOC_ID: 603	DOC_NO: 603	DOC_LEN: 200
DOC_ID: 604	DOC_NO: 604	DOC_LEN: 422
DOC_ID: 605	DOC_NO: 605	DOC_LEN: 334
DOC_ID: 606	DOC_NO: 606	DOC_LEN: 308
DOC_ID: 607	DOC_NO: 607	DOC_LEN: 234
DOC_ID: 608	DOC_NO: 608	DOC_LEN: 304
DOC_ID: 609	DOC_NO: 609	DOC_LEN: 321
DOC_ID: 610	DOC_NO: 610	DOC_LEN: 322
DOC_ID: 611	DOC_NO: 611	DOC_LEN: 322
DOC_ID: 612	DOC_NO: 612	DOC_LEN: 253
DOC_ID: 613	DOC_NO: 613	DOC_LEN: 269
DOC_ID: 614	DOC_NO: 614	DOC_LEN: 240
DOC_ID: 615	DOC_NO: 615	DOC_LEN: 245
DOC_ID: 616	DOC_NO: 616	DOC_LEN: 250
DOC_ID: 617	DOC_NO: 617	DOC_LEN: 261
DOC_ID: 618	DOC_NO: 618	DOC_LEN: 276
DOC_ID: 619	DOC_NO: 619	DOC_LEN: 312
DOC_ID: 620	DOC_NO: 620	DOC_LEN: 228
DOC_ID: 621	DOC_NO: 621	DOC_LEN: 329
DOC_ID: 622	DOC_NO: 622	DOC_LEN: 234
DOC_ID: 623	DOC_NO: 623	DOC_LEN: 489
DOC_ID: 624	DOC_NO: 624	DOC_LEN: 148
DOC_ID: 625	DOC_NO: 625	DOC_LEN: 213
DOC_ID: 626	DOC_NO: 626	DOC_LEN: 275
DOC_ID: 627	DOC_NO: 627	DOC_LEN: 257
DOC_ID: 628	DOC_NO: 628	DOC_LEN: 221
DOC_ID: 629	DOC_NO: 629	DOC_LEN: 596
DOC_ID: 630	DOC_NO: 630	DOC_LEN: 606
DOC_ID: 631	DOC_NO: 631	DOC_LEN: 557
DOC_ID: 632	DOC_NO: 632	DOC_LEN: 577
DOC_ID: 633	DOC_NO: 633	DOC_LEN: 603
DOC_ID: 634	DOC_NO: 634	DOC_LEN: 537
DOC_ID: 635	DOC_NO: 635	DOC_LEN: 531
DOC_ID: 636	DOC_NO: 636	DOC_LEN: 384
DOC_ID: 637	DOC_NO: 637	DOC_LEN: 640
DOC_ID: 638	DOC_NO: 638	DOC_LEN: 583
DOC_ID: 639	DOC_NO: 639	DOC_LEN: 406
DOC_ID: 640	DOC_NO: 640	DOC_LEN: 406
DOC_ID: 641	DOC_NO: 641	DOC_LEN: 251
DOC_ID: 642	DOC_NO: 642	DOC_LEN: 188
DOC_ID: 643	DOC_NO: 643	DOC_LEN: 292
DOC_ID: 644	DOC_NO: 644	DOC_LEN: 169
DOC_ID: 645	DOC_NO: 645	DOC_LEN: 309
DOC_ID: 646	DOC_NO: 646	DOC_LEN: 224
DOC_ID: 647	DOC_NO: 647	DOC_LEN: 294
DOC_ID: 648	DOC_NO: 648	DOC_LEN: 455
DOC_ID: 649	DOC_NO: 649	DOC_LEN: 354
DOC_ID: 650	DOC_NO: 650	DOC_LEN: 381
DOC_ID: 651	DOC_NO: 651	DOC_LEN: 267
DOC_ID: 652	DOC_NO: 652	DOC_LEN: 316
DOC_ID: 653	DOC_NO: 653	DOC_LEN: 389
DOC_ID: 654	DOC_NO: 654	DOC_LEN: 351
DOC_ID: 655	DOC_NO: 655	DOC_LEN: 319
DOC_ID: 656	DOC_NO: 656	DOC_LEN: 292
DOC_ID: 657	DOC_NO: 657	DOC_LEN: 201
DOC_ID: 658	DOC_NO: 658	DOC_LEN: 345
DOC_ID: 659	DOC_NO: 659	DOC_LEN: 785
DOC_ID: 660	DOC_NO: 660	DOC_LEN: 561
DOC_ID: 661	DOC_NO: 661	DOC_LEN: 628
DOC_ID: 662	DOC_NO: 662	DOC_LEN: 571
DOC_ID: 663	DOC_NO: 663	DOC_LEN: 443
DOC_ID: 664	DOC_NO: 664	DOC_LEN: 450
DOC_ID: 665	DOC_NO: 665	DOC_LEN: 631
DOC_ID: 666	DOC_NO: 666	DOC_LEN: 564
DOC_ID: 667	DOC_NO: 667	DOC_LEN: 455
DOC_ID: 668	DOC_NO: 668	DOC_LEN: 551
DOC_ID: 669	DOC_NO: 669	DOC_LEN: 212
DOC_ID: 670	DOC_NO: 670	DOC_LEN: 272
DOC_ID: 671	DOC_NO: 671	DOC_LEN: 274
DOC_ID: 672	DOC_NO: 672	DOC_LEN: 239
DOC_ID: 673	DOC_NO: 673	DOC_LEN: 235
DOC_ID: 674	DOC_NO: 674	DOC_LEN: 394
DOC_ID: 675	DOC_NO: 675	DOC_LEN: 337
DOC_ID: 676	DOC_NO: 676	DOC_LEN: 259
DOC_ID: 677	DOC_NO: 677	DOC_LEN: 191
DOC_ID: 678	DOC_NO: 678	DOC_LEN: 332
DOC_ID: 679	DOC_NO: 679	DOC_LEN: 260
DOC_ID: 680	DOC_NO: 680	DOC_LEN: 276
DOC_ID: 681	DOC_NO: 681	DOC_LEN: 289
DOC_ID: 682	DOC_NO: 682	DOC_LEN: 202
DOC_ID: 683	DOC_NO: 683	DOC_LEN: 312
DOC_ID: 684	DOC_NO: 684	DOC_LEN: 411
DOC_ID: 685	DOC_NO: 685	DOC_LEN: 278
DOC_ID: 686	DOC_NO: 686	DOC_LEN: 618
DOC_ID: 687	DOC_NO: 687	DOC_LEN: 321
DOC_ID: 688	DOC_NO: 688	DOC_LEN: 278
DOC_ID: 689	DOC_NO: 689	DOC_LEN: 556
DOC_ID: 690	DOC_NO: 690	DOC_LEN: 595
DOC_ID: 691	DOC_NO: 691	DOC_LEN: 783
DOC_ID: 692	DOC_NO: 692	DOC_LEN: 592
DOC_ID: 693	DOC_NO: 693	DOC_LEN: 470
DOC_ID: 694	DOC_NO: 694	DOC_LEN: 452
DOC_ID: 695	DOC_NO: 695	DOC_LEN: 476
DOC_ID: 696	DOC_NO: 696	DOC_LEN: 469
DOC_ID: 697	DOC_NO: 697	DOC_LEN: 641
DOC_ID: 698	DOC_NO: 698	DOC_LEN: 618
DOC_ID: 699	DOC_NO: 699	DOC_LEN: 361
DOC_ID: 700	DOC_NO: 700	DOC_LEN: 254
DOC_ID: 701	DOC_NO: 701	DOC_LEN: 611
DOC_ID: 702	DOC_NO: 702	DOC_LEN: 280
DOC_ID: 703	DOC_NO: 703	DOC_LEN: 293
DOC_ID: 704	DOC_NO: 704	DOC_LEN: 359
DOC_ID: 705	DOC_NO: 705	DOC_LEN: 310
DOC_ID: 706	DOC_NO: 706	DOC_LEN: 310
DOC_ID: 707	DOC_NO: 707	DOC_LEN: 176
DOC_ID: 708	DOC_NO: 708	DOC_LEN: 333
DOC_ID: 709	DOC_NO: 709	DOC_LEN: 256
DOC_ID: 710	DOC_NO: 710	DOC_LEN: 336
DOC_ID: 711	DOC_NO: 711	DOC_LEN: 281
DOC_ID: 712	DOC_NO: 712	DOC_LEN: 322
DOC_ID: 713	DOC_NO: 713	DOC_LEN: 266
DOC_ID: 714	DOC_NO: 714	DOC_LEN: 324
DOC_ID: 715	DOC_NO: 715	DOC_LEN: 324
DOC_ID: 716	DOC_NO: 716	DOC_LEN: 251
DOC_ID: 717	DOC_NO: 717	DOC_LEN: 287
DOC_ID: 718	DOC_NO: 718	DOC_LEN: 265
DOC_ID: 719	DOC_NO: 719	DOC_LEN: 325
DOC_ID: 720	DOC_NO: 720	DOC_LEN: 327
DOC_ID: 721	DOC_NO: 721	DOC_LEN: 290
DOC_ID: 722	DOC_NO: 722	DOC_LEN: 282
DOC_ID: 723	DOC_NO: 723	DOC_LEN: 298
DOC_ID: 724	DOC_NO: 724	DOC_LEN: 301
DOC_ID: 725	DOC_NO: 725	DOC_LEN: 273
DOC_ID: 726	DOC_NO: 726	DOC_LEN: 299
DOC_ID: 727	DOC_NO: 727	DOC_LEN: 297
DOC_ID: 728	DOC_NO: 728	DOC_LEN: 268
DOC_ID: 729	DOC_NO: 729	DOC_LEN: 512
DOC_ID: 730	DOC_NO: 730	DOC_LEN: 287
DOC_ID: 731	DOC_NO: 731	DOC_LEN: 287
DOC_ID: 732	DOC_NO: 732	DOC_LEN: 554
DOC_ID: 733	DOC_NO: 733	DOC_LEN: 344
DOC_ID: 734	DOC_NO: 734	DOC_LEN: 260
DOC_ID: 735	DOC_NO: 735	DOC_LEN: 500
DOC_ID: 736	DOC_NO: 736	DOC_LEN: 257
DOC_ID: 737	DOC_NO: 737	DOC_LEN: 322
DOC_ID: 738	DOC_NO: 738	DOC_LEN: 290
DOC_ID: 739	DOC_NO: 739	DOC_LEN: 324
DOC_ID: 740	DOC_NO: 740	DOC_LEN: 258
DOC_ID: 741	DOC_NO: 741	DOC_LEN: 264
DOC_ID: 742	DOC_NO: 742	DOC_LEN: 344
DOC_ID: 743	DOC_NO: 743	DOC_LEN: 123
DOC_ID: 744	DOC_NO: 744	DOC_LEN: 158
DOC_ID: 745	DOC_NO: 745	DOC_LEN: 301
DOC_ID: 746	DOC_NO: 746	DOC_LEN: 384
DOC_ID: 747	DOC_NO: 747	DOC_LEN: 340
DOC_ID: 748	DOC_NO: 748	DOC_LEN: 459
DOC_ID: 749	DOC_NO: 749	DOC_LEN: 311
DOC_ID: 750	DOC_NO: 750	DOC_LEN: 382
DOC_ID: 751	DOC_NO: 751	DOC_LEN: 299
DOC_ID: 752	DOC_NO: 752	DOC_LEN: 276
DOC_ID: 753	DOC_NO: 753	DOC_LEN: 336
DOC_ID: 754	DOC_NO: 754	DOC_LEN: 314
DOC_ID: 755	DOC_NO: 755	DOC_LEN: 301
DOC_ID: 756	DOC_NO: 756	DOC_LEN: 276
DOC_ID: 757	DOC_NO: 757	DOC_LEN: 281
DOC_ID: 758	DOC_NO: 758	DOC_LEN: 288
DOC_ID: 759	DOC_NO: 759	DOC_LEN: 237
DOC_ID: 760	DOC_NO: 760	DOC_LEN: 283
DOC_ID: 761	DOC_NO: 761	DOC_LEN: 204
DOC_ID: 762	DOC_NO: 762	DOC_LEN: 305
DOC_ID: 763	DOC_NO: 763	DOC_LEN: 278
DOC_ID: 764	DOC_NO: 764	DOC_LEN: 339
DOC_ID: 765	DOC_NO: 765	DOC_LEN: 360
DOC_ID: 766	DOC_NO: 766	DOC_LEN: 327
DOC_ID: 767	DOC_NO: 767	DOC_LEN: 268
DOC_ID: 768	DOC_NO: 768	DOC_LEN: 104
DOC_ID: 769	DOC_NO: 769	DOC_LEN: 287
DOC_ID: 770	DOC_NO: 770	DOC_LEN: 289
DOC_ID: 771	DOC_NO: 771	DOC_LEN: 287
DOC_ID: 772	DOC_NO: 772	DOC_LEN: 372
DOC_ID: 773	DOC_NO: 773	DOC_LEN: 481
DOC_ID: 774	DOC_NO: 774	DOC_LEN: 299
DOC_ID: 775	DOC_NO: 775	DOC_LEN: 223
DOC_ID: 776	DOC_NO: 776	DOC_LEN: 257
DOC_ID: 777	DOC_NO: 777	DOC_LEN: 330
DOC_ID: 778	DOC_NO: 778	DOC_LEN: 210
DOC_ID: 779	DOC_NO: 779	DOC_LEN: 287
DOC_ID: 780	DOC_NO: 780	DOC_LEN: 298
DOC_ID: 781	DOC_NO: 781	DOC_LEN: 214
DOC_ID: 782	DOC_NO: 782	DOC_LEN: 286
DOC_ID: 783	DOC_NO: 783	DOC_LEN: 322
DOC_ID: 784	DOC_NO: 784	DOC_LEN: 261
DOC_ID: 785	DOC_NO: 785	DOC_LEN: 464
DOC_ID: 786	DOC_NO: 786	DOC_LEN: 308
DOC_ID: 787	DOC_NO: 787	DOC_LEN: 412
DOC_ID: 788	DOC_NO: 788	DOC_LEN: 311
DOC_ID: 789	DOC_NO: 789	DOC_LEN: 214
DOC_ID: 790	DOC_NO: 790	DOC_LEN: 325
DOC_ID: 791	DOC_NO: 791	DOC_LEN: 288
DOC_ID: 792	DOC_NO: 792	DOC_LEN: 291
DOC_ID: 793	DOC_NO: 793	DOC_LEN: 320
DOC_ID: 794	DOC_NO: 794	DOC_LEN: 307
DOC_ID: 795	DOC_NO: 795	DOC_LEN: 289
DOC_ID: 796	DOC_NO: 796	DOC_LEN: 466
DOC_ID: 797	DOC_NO: 797	DOC_LEN: 199
DOC_ID: 798	DOC_NO: 798	DOC_LEN: 245
DOC_ID: 799	DOC_NO: 799	DOC_LEN: 253
DOC_ID: 800	DOC_NO: 800	DOC_LEN: 302
DOC_ID: 801	DOC_NO: 801	DOC_LEN: 307
DOC_ID: 802	DOC_NO: 802	DOC_LEN: 227
DOC_ID: 803	DOC_NO: 803	DOC_LEN: 296
DOC_ID: 804	DOC_NO: 804	DOC_LEN: 210
DOC_ID: 805	DOC_NO: 805	DOC_LEN: 310
DOC_ID: 806	DOC_NO: 806	DOC_LEN: 237
DOC_ID: 807	DOC_NO: 807	DOC_LEN: 274
DOC_ID: 808	DOC_NO: 808	DOC_LEN: 384
DOC_ID: 809	DOC_NO: 809	DOC_LEN: 297
DOC_ID: 810	DOC_NO: 810	DOC_LEN: 305
DOC_ID: 811	DOC_NO: 811	DOC_LEN: 74
DOC_ID: 812	DOC_NO: 812	DOC_LEN: 233
DOC_ID: 813	DOC_NO: 813	DOC_LEN: 260
DOC_ID: 814	DOC_NO: 814	DOC_LEN: 258
DOC_ID: 815	DOC_NO: 815	DOC_LEN: 263
DOC_ID: 816	DOC_NO: 816	DOC_LEN: 287
DOC_ID: 817	DOC_NO: 817	DOC_LEN: 277
DOC_ID: 818	DOC_NO: 818	DOC_LEN: 277
DOC_ID: 819	DOC_NO: 819	DOC_LEN: 273
DOC_ID: 820	DOC_NO: 820	DOC_LEN: 227
DOC_ID: 821	DOC_NO: 821	DOC_LEN: 405
DOC_ID: 822	DOC_NO: 822	DOC_LEN: 306
DOC_ID: 823	DOC_NO: 823	DOC_LEN: 385
DOC_ID: 824	DOC_NO: 824	DOC_LEN: 288
DOC_ID: 825	DOC_NO: 825	DOC_LEN: 258
DOC_ID: 826	DOC_NO: 826	DOC_LEN: 270
DOC_ID: 827	DOC_NO: 827	DOC_LEN: 269
DOC_ID: 828	DOC_NO: 828	DOC_LEN: 302
DOC_ID: 829	DOC_NO: 829	DOC_LEN: 321
DOC_ID: 830	DOC_NO: 830	DOC_LEN: 313
DOC_ID: 831	DOC_NO: 831	DOC_LEN: 296
DOC_ID: 832	DOC_NO: 832	DOC_LEN: 322
DOC_ID: 833	DOC_NO: 833	DOC_LEN: 328
DOC_ID: 834	DOC_NO: 834	DOC_LEN: 242
DOC_ID: 835	DOC_NO: 835	DOC_LEN: 199
DOC_ID: 836	DOC_NO: 836	DOC_LEN: 310
DOC_ID: 837	DOC_NO: 837	DOC_LEN: 309
DOC_ID: 838	DOC_NO: 838	DOC_LEN: 299
DOC_ID: 839	DOC_NO: 839	DOC_LEN: 270
DOC_ID: 840	DOC_NO: 840	DOC_LEN: 239
DOC_ID: 841	DOC_NO: 841	DOC_LEN: 209
DOC_ID: 842	DOC_NO: 842	DOC_LEN: 258
DOC_ID: 843	DOC_NO: 843	DOC_LEN: 262
DOC_ID: 844	DOC_NO: 844	DOC_LEN: 346
DOC_ID: 845	DOC_NO: 845	DOC_LEN: 320
DOC_ID: 846	DOC_NO: 846	DOC_LEN: 241
DOC_ID: 847	DOC_NO: 847	DOC_LEN: 257
DOC_ID: 848	DOC_NO: 848	DOC_LEN: 276
DOC_ID: 849	DOC_NO: 849	DOC_LEN: 246
DOC_ID: 850	DOC_NO: 850	DOC_LEN: 269
DOC_ID: 851	DOC_NO: 851	DOC_LEN: 364
DOC_ID: 852	DOC_NO: 852	DOC_LEN: 195
DOC_ID: 853	DOC_NO: 853	DOC_LEN: 250
DOC_ID: 854	DOC_NO: 854	DOC_LEN: 217
DOC_ID: 855	DOC_NO: 855	DOC_LEN: 241
DOC_ID: 856	DOC_NO: 856	DOC_LEN: 245
DOC_ID: 857	DOC_NO: 857	DOC_LEN: 255
DOC_ID: 858	DOC_NO: 858	DOC_LEN: 356
DOC_ID: 859	DOC_NO: 859	DOC_LEN: 257
DOC_ID: 860	DOC_NO: 860	DOC_LEN: 272
DOC_ID: 861	DOC_NO: 861	DOC_LEN: 266
DOC_ID: 862	DOC_NO: 862	DOC_LEN: 243
DOC_ID: 863	DOC_NO: 863	DOC_LEN: 312
DOC_ID: 864	DOC_NO: 864	DOC_LEN: 373
DOC_ID: 865	DOC_NO: 865	DOC_LEN: 280
DOC_ID: 866	DOC_NO: 866	DOC_LEN: 280
DOC_ID: 867	DOC_NO: 867	DOC_LEN: 319
DOC_ID: 868	DOC_NO: 868	DOC_LEN: 274
DOC_ID: 869	DOC_NO: 869	DOC_LEN: 266
DOC_ID: 870	DOC_NO: 870	DOC_LEN: 279
DOC_ID: 871	DOC_NO: 871	DOC_LEN: 299
DOC_ID: 872	DOC_NO: 872	DOC_LEN: 303
DOC_ID: 873	DOC_NO: 873	DOC_LEN: 269
DOC_ID: 874	DOC_NO: 874	DOC_LEN: 201
DOC_ID: 875	DOC_NO: 875	DOC_LEN: 168
DOC_ID: 876	DOC_NO: 876	DOC_LEN: 299
DOC_ID: 877	DOC_NO: 877	DOC_LEN: 229
DOC_ID: 878	DOC_NO: 878	DOC_LEN: 391
DOC_ID: 879	DOC_NO: 879	DOC_LEN: 313
DOC_ID: 880	DOC_NO: 880	DOC_LEN: 85
DOC_ID: 881	DOC_NO: 881	DOC_LEN: 224
DOC_ID: 882	DOC_NO: 882	DOC_LEN: 248
DOC_ID: 883	DOC_NO: 883	DOC_LEN: 164
DOC_ID: 884	DOC_NO: 884	DOC_LEN: 141
DOC_ID: 885	DOC_NO: 885	DOC_LEN: 306
DOC_ID: 886	DOC_NO: 886	DOC_LEN: 328
DOC_ID: 887	DOC_NO: 887	DOC_LEN: 175
DOC_ID: 888	DOC_NO: 888	DOC_LEN: 256
DOC_ID: 889	DOC_NO: 889	DOC_LEN: 525
DOC_ID: 890	DOC_NO: 890	DOC_LEN: 358
DOC_ID: 891	DOC_NO: 891	DOC_LEN: 269
DOC_ID: 892	DOC_NO: 892	DOC_LEN: 278
DOC_ID: 893	DOC_NO: 893	DOC_LEN: 450
DOC_ID: 894	DOC_NO: 894	DOC_LEN: 200
DOC_ID: 895	DOC_NO: 895	DOC_LEN: 395
DOC_ID: 896	DOC_NO: 896	DOC_LEN: 376
DOC_ID: 897	DOC_NO: 897	DOC_LEN: 295
DOC_ID: 898	DOC_NO: 898	DOC_LEN: 342
DOC_ID: 899	DOC_NO: 899	DOC_LEN: 499
DOC_ID: 900	DOC_NO: 900	DOC_LEN: 280
DOC_ID: 901	DOC_NO: 901	DOC_LEN: 250
DOC_ID: 902	DOC_NO: 902	DOC_LEN: 241
DOC_ID: 903	DOC_NO: 903	DOC_LEN: 366
DOC_ID: 904	DOC_NO: 904	DOC_LEN: 286
DOC_ID: 905	DOC_NO: 905	DOC_LEN: 284
DOC_ID: 906	DOC_NO: 906	DOC_LEN: 374
DOC_ID: 907	DOC_NO: 907	DOC_LEN: 262
DOC_ID: 908	DOC_NO: 908	DOC_LEN: 177
DOC_ID: 909	DOC_NO: 909	DOC_LEN: 167
DOC_ID: 910	DOC_NO: 910	DOC_LEN: 220
DOC_ID: 911	DOC_NO: 911	DOC_LEN: 230
DOC_ID: 912	DOC_NO: 912	DOC_LEN: 241
DOC_ID: 913	DOC_NO: 913	DOC_LEN: 383
DOC_ID: 914	DOC_NO: 914	DOC_LEN: 241
DOC_ID: 915	DOC_NO: 915	DOC_LEN: 365
DOC_ID: 916	DOC_NO: 916	DOC_LEN: 130
DOC_ID: 917	DOC_NO: 917	DOC_LEN: 237
DOC_ID: 918	DOC_NO: 918	DOC_LEN: 291
DOC_ID: 919	DOC_NO: 919	DOC_LEN: 326
DOC_ID: 920	DOC_NO: 920	DOC_LEN: 306
DOC_ID: 921	DOC_NO: 921	DOC_LEN: 220
DOC_ID: 922	DOC_NO: 922	DOC_LEN: 265
DOC_ID: 923	DOC_NO: 923	DOC_LEN: 311
DOC_ID: 924	DOC_NO: 924	DOC_LEN: 327
DOC_ID: 925	DOC_NO: 925	DOC_LEN: 263
DOC_ID: 926	DOC_NO: 926	DOC_LEN: 299
DOC_ID: 927	DOC_NO: 927	DOC_LEN: 297
DOC_ID: 928	DOC_NO: 928	DOC_LEN: 247
DOC_ID: 929	DOC_NO: 929	DOC_LEN: 267
DOC_ID: 930	DOC_NO: 930	DOC_LEN: 266
DOC_ID: 931	DOC_NO: 931	DOC_LEN: 297
DOC_ID: 932	DOC_NO: 932	DOC_LEN: 305
DOC_ID: 933	DOC_NO: 933	DOC_LEN: 547
DOC_ID: 934	DOC_NO: 934	DOC_LEN: 307
DOC_ID: 935	DOC_NO: 935	DOC_LEN: 309
DOC_ID: 936	DOC_NO: 936	DOC_LEN: 229
DOC_ID: 937	DOC_NO: 937	DOC_LEN: 267
DOC_ID: 938	DOC_NO: 938	DOC_LEN: 230
DOC_ID: 939	DOC_NO: 939	DOC_LEN: 206
DOC_ID: 940	DOC_NO: 940	DOC_LEN: 328
DOC_ID: 941	DOC_NO: 941	DOC_LEN: 329
DOC_ID: 942	DOC_NO: 942	DOC_LEN: 387
DOC_ID: 943	DOC_NO: 943	DOC_LEN: 249
DOC_ID: 944	DOC_NO: 944	DOC_LEN: 292
DOC_ID: 945	DOC_NO: 945	DOC_LEN: 273
DOC_ID: 946	DOC_NO: 946	DOC_LEN: 342
DOC_ID: 947	DOC_NO: 947	DOC_LEN: 276
DOC_ID: 948	DOC_NO: 948	DOC_LEN: 317
DOC_ID: 949	DOC_NO: 949	DOC_LEN: 307
DOC_ID: 950	DOC_NO: 950	DOC_LEN: 286
DOC_ID: 951	DOC_NO: 951	DOC_LEN: 384
DOC_ID: 952	DOC_NO: 952	DOC_LEN: 233
DOC_ID: 953	DOC_NO: 953	DOC_LEN: 340
DOC_ID: 954	DOC_NO: 954	DOC_LEN: 228
DOC_ID: 955	DOC_NO: 955	DOC_LEN: 351
DOC_ID: 956	DOC_NO: 956	DOC_LEN: 356
DOC_ID: 957	DOC_NO: 957	DOC_LEN: 308
DOC_ID: 958	DOC_NO: 958	DOC_LEN: 296
DOC_ID: 959	DOC_NO: 959	DOC_LEN: 503
DOC_ID: 960	DOC_NO: 960	DOC_LEN: 321
DOC_ID: 961	DOC_NO: 961	DOC_LEN: 334
DOC_ID: 962	DOC_NO: 962	DOC_LEN: 213
DOC_ID: 963	DOC_NO: 963	DOC_LEN: 254
DOC_ID: 964	DOC_NO: 964	DOC_LEN: 243
DOC_ID: 965	DOC_NO: 965	DOC_LEN: 273
DOC_ID: 966	DOC_NO: 966	DOC_LEN: 405
DOC_ID: 967	DOC_NO: 967	DOC_LEN: 285
DOC_ID: 968	DOC_NO: 968	DOC_LEN: 414
DOC_ID: 969	DOC_NO: 969	DOC_LEN: 315
DOC_ID: 970	DOC_NO: 970	DOC_LEN: 391
DOC_ID: 971	DOC_NO: 971	DOC_LEN: 299
DOC_ID: 972	DOC_NO: 972	DOC_LEN: 307
DOC_ID: 973	DOC_NO: 973	DOC_LEN: 245
DOC_ID: 974	DOC_NO: 974	DOC_LEN: 261
DOC_ID: 975	DOC_NO: 975	DOC_LEN: 344
DOC_ID: 976	DOC_NO: 976	DOC_LEN: 278
DOC_ID: 977	DOC_NO: 977	DOC_LEN: 338
DOC_ID: 978	DOC_NO: 978	DOC_LEN: 264
DOC_ID: 979	DOC_NO: 979	DOC_LEN: 249
DOC_ID: 980	DOC_NO: 980	DOC_LEN: 482
DOC_ID: 981	DOC_NO: 981	DOC_LEN: 249
DOC_ID: 982	DOC_NO: 982	DOC_LEN: 437
DOC_ID: 983	DOC_NO: 983	DOC_LEN: 241
DOC_ID: 984	DOC_NO: 984	DOC_LEN: 300
DOC_ID: 985	DOC_NO: 985	DOC_LEN: 238
DOC_ID: 986	DOC_NO: 986	DOC_LEN: 359
DOC_ID: 987	DOC_NO: 987	DOC_LEN: 319
DOC_ID: 988	DOC_NO: 988	DOC_LEN: 273
DOC_ID: 989	DOC_NO: 989	DOC_LEN: 452
DOC_ID: 990	DOC_NO: 990	DOC_LEN: 266
DOC_ID: 991	DOC_NO: 991	DOC_LEN: 273
DOC_ID: 992	DOC_NO: 992	DOC_LEN: 313
DOC_ID: 993	DOC_NO: 993	DOC_LEN: 300
DOC_ID: 994	DOC_NO: 994	DOC_LEN: 229
DOC_ID: 995	DOC_NO: 995	DOC_LEN: 401
DOC_ID: 996	DOC_NO: 996	DOC_LEN: 269
DOC_ID: 997	DOC_NO: 997	DOC_LEN: 376
DOC_ID: 998	DOC_NO: 998	DOC_LEN: 180
DOC_ID: 999	DOC_NO: 999	DOC_LEN: 232
