0	809:1 810:1 899:2 
000	810:2 818:1 884:1 886:2 889:3 890:3 893:3 
004	899:1 
09	830:1 834:1 
1	805:1 809:1 813:1 816:1 818:1 833:1 834:1 845:1 848:1 852:1 864:1 870:1 886:2 889:1 893:1 899:1 903:1 908:1 
10	814:1 815:1 818:1 856:1 906:1 908:1 
100	807:1 825:1 826:1 835:1 
1005	885:1 
1008	885:1 
11	814:1 815:1 862:1 
1195	851:1 
12	810:1 814:1 815:1 822:1 
1220	887:1 
123	881:1 
13	810:1 887:1 
134	813:1 816:1 
1351	885:1 
14	832:1 880:1 894:1 
158	814:1 815:1 
16	861:1 863:1 883:2 886:2 907:1 
17	861:1 863:1 880:2 882:1 888:1 902:1 907:1 
17â°c	900:1 901:1 903:1 905:1 
18	810:1 
1802	885:1 
1880	898:1 
1906	810:1 
193	882:1 
1950s	819:1 
1951â1980	898:1 
1966	838:1 
1969	840:1 845:1 847:1 848:1 
1970s	907:1 
1974	897:1 
1981	899:1 
1994	880:1 
1995	880:1 
1999	877:1 
19â°c	906:1 
2	809:1 834:1 852:1 864:1 875:1 902:1 903:1 906:1 908:1 
20	807:1 861:1 863:1 894:1 
200	818:1 
2000	814:1 815:1 907:1 
2010	813:1 814:1 815:1 816:1 882:1 899:1 
2011	816:1 
2012	883:2 886:4 
2013	813:1 
2014	814:1 815:1 
2015	809:1 891:1 895:1 896:1 
2016	811:1 883:2 886:2 898:1 907:1 
2017	811:1 
20th	882:1 
20â°c	901:1 903:1 
21	810:1 830:2 834:1 
21st	803:1 
22	871:1 
2241	885:1 
243	818:1 
25	817:1 
2608	885:1 
2631	885:1 
27	886:1 
2719	885:1 
272	881:1 
290	809:1 890:2 
2g	874:1 
2â°c	901:1 903:1 
3	864:1 880:1 908:1 
30	825:1 866:1 
300	875:1 889:2 893:2 
300m	874:1 
301	809:1 818:1 
332	851:1 
338	813:1 
33m	875:1 
35	888:1 889:1 890:2 893:1 906:1 
37â°f	900:1 905:1 
381	886:1 
39	814:1 815:1 
3g	874:1 
3rd	808:1 
3â°c	900:1 905:1 
4	810:1 859:1 862:1 864:1 865:1 886:1 908:1 
40	821:1 
400	804:1 807:1 887:1 
431	886:1 
45	871:1 
473	816:1 
48	803:1 
4g	829:1 874:1 
5	803:1 827:1 828:1 852:1 864:1 867:1 884:1 887:1 889:1 891:1 893:1 895:1 896:1 908:1 
50	807:1 826:1 906:1 
500	805:1 807:1 889:1 890:1 893:1 
520	890:1 
524	810:1 
54	891:1 895:1 896:1 
55	890:2 
5813	835:1 
598	891:1 895:1 896:1 
5cm	906:1 
6	818:1 862:1 864:1 877:1 885:1 886:1 894:1 908:1 
60	883:1 886:1 
61	814:1 815:1 
618	885:6 887:1 
62	813:1 816:2 
62959	885:3 887:1 
63	809:1 813:1 814:1 815:1 818:1 
63â°f	900:1 905:1 
64	902:1 
65	886:1 
6â°c	901:1 903:1 
7	810:2 864:1 900:1 905:1 908:1 
70	890:1 
717	851:1 
72	837:1 
75m	873:1 
75meter	872:1 
75meters	872:1 
76	906:1 
771	818:1 
777	810:1 
778	886:1 
7th	822:1 
7w	831:1 
8	809:1 864:1 869:1 908:1 
80	875:1 
81	814:1 815:1 
826	880:1 
83	886:1 
840	880:1 
84mm	900:1 
85	894:1 
8570w	833:1 
9	810:2 870:1 880:2 883:1 902:1 908:1 
90	807:1 
90mm	905:1 
9133	885:1 
937	886:1 
94	810:1 
95	898:1 
993	885:3 
997	885:3 
998	887:1 
abandoning	826:1 
abb	831:1 
abbey	827:1 
abc	831:1 
ability	820:1 
abm	831:1 
about	812:1 817:1 861:1 863:1 867:1 872:1 890:1 892:1 906:2 
above	852:1 854:1 857:2 
abvs	831:1 
accessing	812:1 
accommodation	886:1 
according	821:1 
account	891:1 895:1 896:1 
accounts	830:5 834:3 836:2 
accreditation	838:1 
accreditor	838:1 
accurate	871:1 
acronyms	831:1 
act	897:1 
active	889:1 
activities	895:1 896:1 
activity	810:1 831:3 
actual	824:1 
actually	823:1 850:1 
acv	831:1 
ad	807:2 808:1 
adc	831:1 
add	839:1 
added	829:1 
address	892:1 897:1 
addresses	897:3 
adds	836:1 
admission	868:1 
admittance	888:1 
advice	823:1 
affairs	879:1 
affected	802:1 
affects	854:1 
after	804:1 825:1 826:1 861:1 862:1 863:1 869:1 877:1 
again	889:1 893:1 
age	861:1 863:1 883:2 886:2 890:1 
aging	838:1 
agricultural	812:1 
ahead	855:1 
aid	867:1 
air	849:3 851:1 858:4 
aircraft	855:1 
all	822:1 831:1 835:1 836:1 856:1 878:1 884:1 887:1 891:2 892:1 895:2 896:2 
allows	829:2 837:1 889:1 893:1 
along	849:1 
also	820:1 822:1 827:1 828:1 832:1 855:1 899:1 
always	825:1 855:1 
am	825:1 826:1 861:1 863:1 864:1 
amenities	894:1 
americas	885:1 
among	803:1 
amount	836:1 899:1 
amounted	899:1 
amounts	836:1 
amsterdam	902:1 905:2 
annual	898:1 899:1 900:1 905:1 906:1 
another	842:1 
answer	862:1 
antennas	869:1 870:3 
antennasearch	869:1 870:1 
any	822:1 
anywhere	889:1 893:1 
applicants	867:1 888:1 
application	856:1 864:1 
apply	864:2 867:2 
apportionment	879:1 
appropriate	829:1 837:1 868:1 
approximately	805:1 851:1 906:1 
arabian	824:1 
area	810:1 812:1 869:3 870:1 875:1 881:3 882:1 
areas	838:1 
armies	808:1 
army	889:1 894:1 
around	802:1 807:1 890:1 
asian	824:1 
asked	851:1 
assign	830:2 834:1 836:1 
assignment	892:1 
assist	888:1 
assistance	886:1 895:1 896:1 
assistantships	867:1 
atlantic	901:1 903:2 
august	904:1 905:1 
automated	831:2 
available	841:1 
average	809:1 810:2 814:2 815:2 818:1 863:1 889:2 893:2 899:1 900:2 902:1 905:2 906:4 
averages	900:1 905:1 
away	810:1 858:1 871:1 872:1 875:1 877:2 
b	854:1 857:1 858:1 
bachelors	861:1 863:1 
back	859:1 877:1 
bad	826:1 
bag	819:1 823:1 825:1 
bags	819:3 823:2 825:1 826:1 
bar	832:1 
barbarians	802:1 
barrier	852:1 
bars	898:1 
based	831:3 837:1 
basically	821:1 
basis	826:1 
bass	840:1 845:1 847:1 848:1 
bay	812:1 880:1 
bc	807:1 
bear	874:1 
became	819:1 
because	822:1 871:1 
becoming	807:1 
bedtime	823:1 
been	819:1 822:1 861:1 894:1 
before	804:1 825:1 874:1 
began	808:1 907:1 
behavioral	838:1 
being	825:1 872:2 897:1 904:1 
bells	908:1 
below	837:1 853:1 857:1 
bert	812:1 
best	823:2 827:1 828:1 831:1 839:1 857:1 885:1 887:1 902:1 
better	825:1 
between	864:1 876:1 878:1 888:1 
big	872:2 
bigger	872:1 
billion	891:1 895:1 896:1 
binge	827:1 
bittle	885:1 
black	821:2 898:1 
blanket	874:1 
bleach	835:1 
bleach1	835:1 
blend	821:2 823:1 
blends	821:1 
blue	898:1 
boasts	904:1 
bodyâs	820:1 
boom	851:2 852:1 857:1 
booms	850:1 
boosting	820:1 
both	829:1 841:1 
bottle	822:2 
bottles	822:1 
bottom	822:1 
bought	825:1 
bow	854:3 
box	826:1 
branches	888:1 
brandy	839:2 840:1 841:1 842:2 843:2 844:2 845:1 846:1 847:1 
break	852:1 
brew	825:1 
bring	903:1 
broad	817:1 
brown	822:1 
budgeting	831:1 
bureau	879:2 
burn	828:1 
c	807:2 857:1 858:1 
ca	814:1 815:1 818:1 
cable	837:1 
calculation	899:1 
california	810:1 811:1 812:1 813:3 816:3 
called	824:1 851:2 
calls	876:1 
calorie	828:1 
can	823:1 828:1 832:1 836:1 850:1 856:1 860:1 862:1 876:1 889:2 893:2 899:1 903:1 
canals	902:1 
cancel	872:1 
cancer	869:1 
cannot	888:1 
capacity	876:1 878:1 
carbondale	881:1 
care	886:1 
carf	838:1 
carried	849:1 
carrier	876:1 
carriers	832:2 876:1 
cary	880:1 
cases	869:1 
catechins	820:1 
category	830:2 834:1 836:3 
cause	852:1 
caused	852:1 
causes	808:1 
causing	810:1 
ce	804:1 
cell	870:1 871:1 872:1 873:1 876:2 877:2 878:2 
cellphone	871:3 876:2 878:2 
cells	828:1 878:1 
celltower	872:1 878:1 
cellular	829:2 
celsius	902:1 906:2 
census	813:1 816:1 879:1 882:1 
center	810:1 812:1 894:1 
central	812:1 813:1 816:1 829:1 879:1 
centuries	805:1 
century	803:1 804:1 808:1 882:1 
certain	827:1 859:1 876:1 
certified	833:1 
challenging	860:1 
change	898:1 
changes	898:1 
channel	812:1 
chart	830:1 834:1 
child	838:1 
chinese	820:1 
choose	889:1 893:1 
circle	854:1 
cities	815:1 884:1 
citrus	822:1 
city	807:2 809:1 810:1 813:1 816:1 818:2 880:1 881:1 882:1 
civilian	883:2 886:2 890:2 
class	810:1 
classroom	856:1 
climate	901:1 903:1 904:2 
cloroxâ®	835:2 
close	869:2 870:1 873:1 
club	889:1 890:1 894:1 
co	862:1 
coal	882:1 
code	830:2 834:1 836:2 
codes	832:1 836:1 864:1 
coffee	824:1 
cold	827:1 904:1 
coldest	900:1 905:1 
collected	899:1 
collection	831:1 879:1 
college	861:1 863:1 
com	869:1 870:1 890:1 
combined	867:1 881:2 
comfort	885:1 887:1 
comments	852:1 
commission	838:1 
commodity	831:1 
common	806:1 851:1 904:1 
communications	829:1 831:1 
community	838:1 
compared	809:1 818:1 
competition	867:1 
complain	906:1 
complete	834:1 865:1 
completed	866:1 868:1 
composed	803:1 
conditions	853:1 
confidence	898:1 
configured	837:1 
confluence	817:1 
congressional	879:1 
connecting	878:1 
connectivity	829:1 
consecutive	907:1 
consistent	826:1 
consisting	840:1 845:1 847:1 848:1 
constantinople	807:1 
constantinopleâcontinued	806:1 
contacted	890:1 
contract	872:1 
control	869:1 
cool	901:1 903:1 
core	833:2 
coreâ¢	833:1 
corner	817:1 
cost	889:3 893:2 
costing	831:1 
costs	890:1 
could	832:1 842:1 846:1 
couldn	859:1 
count	825:1 899:1 
counterparts	806:1 
counties	884:1 
country	889:1 894:1 899:1 904:1 
county	813:1 816:1 882:2 
couple	861:1 863:1 
course	859:2 865:1 866:1 
courses	859:1 862:1 894:1 
coursework	868:2 
courts	894:1 
covered	803:1 821:1 
covers	899:1 
created	851:1 
credit	865:1 866:1 
cultural	803:1 
cup	824:1 827:1 
current	811:1 907:1 
currently	832:1 
cyprian	808:1 
d	841:1 852:1 857:1 858:1 867:1 
daily	900:1 905:1 
damage	810:1 
data	831:1 832:3 879:2 899:1 
daunting	833:1 
day	826:1 
days	877:1 899:2 
daytime	901:1 903:1 
daéª	813:1 
dcurbanmom	890:1 
decent	823:1 
decide	862:1 
decimated	808:1 
decline	808:2 
dect	872:1 
defense	895:1 896:1 
definition	832:1 
degree	860:1 861:1 863:2 864:1 865:1 866:1 867:1 868:2 
degrees	902:2 906:4 
delta	817:1 
demand	806:1 
demographics	811:1 
department	816:1 895:1 896:1 
departmental	864:1 
departments	897:1 
depend	889:1 893:1 
depending	860:1 862:1 871:1 873:1 889:1 890:1 893:1 
depends	849:1 878:1 
describes	832:1 853:1 854:1 857:1 
design	866:2 878:1 879:1 
despite	806:1 
detail	856:1 
detailed	870:1 
determined	876:1 
developed	882:1 
diabetes	828:1 
diagnosed	869:1 
diagram	837:1 
dictionary	908:1 
diet	822:1 
difference	864:1 
different	821:2 850:1 878:1 
differing	873:1 
digits	832:1 
dimensional	819:1 
dimming	828:1 
discretionary	891:1 895:1 896:1 
discussed	856:1 
disease	828:1 
disinfectants	835:1 
disintegrate	825:1 
dispersed	882:1 
dissemination	879:1 
distance	871:1 872:1 874:1 876:1 878:1 
distribution	812:1 
disturbance	849:1 
dit	843:4 844:4 846:4 
do	864:2 897:1 
documentary	821:1 
does	839:1 863:1 889:1 
doesn	878:1 
doing	827:1 
domain	802:1 
donât	860:1 
dooda	843:4 844:4 846:4 
doppler	850:1 856:1 
down	842:1 
downloadable	841:1 
downton	827:1 
dr	887:1 
dragon	820:1 
dramatically	805:1 
drank	822:1 
drenthe	899:1 
driest	904:1 
drink	826:1 827:1 
drinkable	826:1 
drinking	822:1 826:1 
drop	825:1 
drums	840:1 845:1 847:1 848:1 
dsl	837:1 
dual	829:1 833:1 837:1 
due	876:1 
dues	889:1 893:1 
during	899:1 902:2 
dust	908:1 
duty	892:1 
dy	813:1 
each	828:1 836:1 876:1 899:1 
ean	832:1 
earliest	819:1 
early	808:1 882:1 
earthquake	810:2 
east	817:1 824:1 899:1 
eastern	806:1 
economic	803:1 
educated	815:1 
effect	850:1 856:1 
either	829:1 890:1 
electrical	861:1 863:1 
eligible	864:1 
elitebook	833:1 
elliot	840:1 845:1 847:1 848:1 
elseâhelping	827:1 
email	897:1 
emissions	873:1 
emperors	806:1 808:1 
emperorsâby	806:1 
empire	802:1 803:1 805:2 806:1 807:1 808:2 
empires	803:1 
employ	832:1 
employment	838:1 
emrs	873:1 
encoded	832:1 
end	812:1 
eng	864:1 866:1 868:1 
engineering	859:1 860:2 861:1 863:2 865:1 867:1 868:2 
english	888:1 
enjoy	889:1 893:1 902:1 
enlistment	888:1 
enough	871:1 
entire	806:1 
environment	831:1 
epa	835:2 
equals	853:2 
equivalent	868:1 
espaã±ol	808:1 
especially	903:1 
estate	809:1 
estimate	816:1 
estimated	807:1 813:1 
europe	804:1 
even	802:1 824:1 826:1 
every	826:1 862:1 
everything	889:1 893:1 
example	834:1 
excerpt	841:1 
excessively	902:1 
exclusive	829:1 
exclusively	832:1 
existed	874:1 
existence	805:1 
experience	824:1 860:1 
exposed	869:1 
extra	827:1 
eyes	843:1 846:1 
f	849:4 
facebook	891:1 895:1 
facilities	838:1 
factors	878:1 
fahrenheit	902:1 906:2 
fail	859:1 
fall	804:1 868:1 903:1 
familiar	821:1 
family	832:1 
far	858:1 
farm	817:1 
faster	850:1 853:1 855:2 858:2 
fat	820:1 828:2 
fax	885:3 
feature	837:1 
features	837:1 878:1 
federal	879:1 891:1 895:1 896:1 
fee	890:1 
feel	873:1 
fees	889:1 893:1 
fellowships	867:1 
female	883:1 886:1 
fence	858:1 
fetch	842:1 
fi	874:1 
fictional	845:1 848:1 
field	868:1 
fields	882:1 
fifth	804:1 
files	833:1 
final	866:1 
finally	804:1 
finance	816:1 
financial	867:1 
find	823:1 
fine	840:1 841:1 842:1 843:3 844:5 845:1 846:3 847:1 
finish	863:1 
fire	887:1 
first	805:1 822:1 860:1 877:1 907:1 
fiscal	891:1 895:1 896:1 
fishy	908:1 
fist	875:1 
fitness	894:1 
five	898:1 
flat	817:1 819:1 
flavor	823:1 
flo	819:1 
floral	820:1 
fluently	888:1 
following	805:1 835:1 838:1 892:1 
food	886:1 
foothills	817:1 
force	883:2 886:2 
forces	803:1 
foreign	888:1 
form	853:1 
format	841:1 
formed	817:1 840:1 845:1 847:1 848:1 854:1 
forum	890:1 
found	872:1 
founded	838:1 
four	860:1 
framework	879:1 
francisco	812:1 
franã§ais	808:1 
frequencies	876:2 
frequency	832:1 
frequently	826:1 
fresh	825:1 
friend	858:1 
friesland	899:1 
from	810:1 821:2 824:1 826:1 828:1 839:1 840:1 841:1 842:1 845:1 846:1 847:1 848:1 860:1 861:1 862:1 863:1 872:1 875:2 889:1 893:1 898:1 901:1 903:1 
full	861:2 892:1 
g	895:1 
gain	833:1 
gales	903:1 
gave	819:1 877:1 
general	867:1 
generally	868:1 
geography	879:1 
get	821:2 860:2 
girl	840:1 841:1 842:2 843:3 844:5 845:2 846:3 847:1 848:1 
give	821:1 892:1 
given	874:1 876:1 
glass	840:1 845:1 847:2 848:1 
global	832:1 898:2 
go	823:2 
going	861:1 
golf	889:1 893:1 894:1 
gonsky	840:1 845:1 847:1 848:1 
good	826:1 842:1 843:1 844:1 846:1 873:1 
governments	879:1 
grades	860:1 
graduate	861:2 863:2 866:1 
graduated	861:1 863:1 864:1 
gre	864:2 
greater	810:1 851:1 
green	820:1 822:1 
grew	807:1 
grip	804:1 
gritty	812:1 
grob	840:1 845:1 847:1 848:1 
groningen	899:1 
growth	814:1 815:1 
gs1	832:1 
gtin	832:3 
guideline	864:1 
guitar	840:1 845:1 847:1 848:1 
gulf	824:1 
habits	824:1 
had	822:2 
half	804:1 822:1 
halfway	885:1 
handle	876:1 
happens	873:1 
harbor	839:1 842:1 843:1 
hard	862:1 
harder	808:1 
hardly	822:1 
has	812:1 828:1 854:1 871:1 894:1 
have	819:1 825:1 860:2 861:1 864:1 899:1 901:1 903:1 907:1 
headset	877:1 
health	838:2 886:1 
heard	823:1 
heart	828:1 
height	803:1 
held	802:1 
help	820:1 828:1 863:1 
helps	852:1 
hence	851:1 
her	839:1 
herrin	881:2 
hey	823:1 
hi	873:1 
high	860:1 861:2 863:2 
higher	841:1 890:1 
highlight	839:1 
highly	871:1 
highs	907:1 
his	839:1 843:2 876:1 
historical	810:1 
history	803:1 
home	839:1 843:1 869:1 870:1 897:1 
hope	852:1 
hormones	828:1 
hot	825:1 902:1 
hotel	887:1 
hotels	887:2 
hottest	900:1 905:1 
hour	851:1 865:1 
hours	866:1 900:1 905:1 
house	872:1 
housing	809:1 
how	821:1 854:1 863:1 864:2 869:1 870:1 873:1 889:1 
hp	833:1 
hr	851:1 
human	838:1 
hunger	828:1 
hunt	825:1 
i	804:1 822:4 823:3 824:1 825:3 826:1 852:1 859:1 861:5 863:4 864:3 872:4 873:2 875:1 877:4 
i5	833:1 
i7	833:2 
identification	832:1 
identifying	892:1 
illinois	880:2 881:2 882:2 884:1 885:3 887:2 
imperial	805:1 
improved	833:1 
inches	899:1 
included	864:1 
includes	891:1 895:1 896:1 899:1 
increased	805:1 
increasing	854:1 
incredible	833:1 
independent	838:1 
independently	865:1 
individual	828:1 897:1 
indoor	894:1 
influenced	901:1 903:1 
information	832:1 870:1 892:2 
inhabitants	807:1 
initiation	889:1 890:1 893:1 
inland	812:1 
inn	885:1 
innovations	819:1 
inspired	845:1 848:1 
instance	889:1 893:1 
instead	824:1 
instinctive	873:1 
institutional	864:1 
instrumental	898:1 
intelâ®	833:1 
intended	865:1 
intensity	810:1 
inter	837:1 
interest	830:1 
interested	865:1 867:1 
interfere	878:1 
intern	862:1 
internal	831:1 
international	838:1 895:1 896:1 
internship	860:1 
intervals	837:1 
introduced	874:1 
introduction	804:1 
invented	819:1 
ip	829:2 
ipgsm	829:1 
irrigated	817:1 
issues	876:1 
isv	833:1 
its	803:2 813:1 828:1 
itself	850:1 
ity	829:1 
january	816:1 900:1 905:1 906:1 
jeff	840:1 845:1 847:1 848:1 
jersey	840:1 845:1 847:1 848:1 
joaquin	813:1 816:1 817:1 
job	860:1 
join	889:1 890:1 893:1 
july	813:1 900:1 902:1 904:1 906:1 
jump	899:1 
june	905:1 
just	823:1 826:1 873:1 
keen	867:1 
keep	833:1 
kilometres	803:1 
kind	821:1 
kinds	821:1 
km	851:1 
know	821:1 823:1 859:1 869:1 870:1 
known	805:1 855:1 892:1 
labels	825:1 
labor	883:2 886:2 
lady	839:2 843:1 844:1 
land	817:1 
lands	802:1 
landscape	878:1 
large	833:1 
largest	803:1 807:2 
last	892:2 
lasted	805:1 
later	819:1 
lawrence	840:1 845:1 847:1 848:1 
laying	842:1 
lead	840:1 845:1 847:1 848:1 
leaf	823:2 
least	815:1 899:1 
leave	877:1 
leaves	819:1 
left	861:1 863:1 
less	875:1 
letter	854:1 
level	817:1 866:1 873:1 
levels	873:1 874:1 
levy	808:1 
life	826:1 839:2 843:1 844:1 845:1 848:1 
light	820:1 856:1 
like	819:1 820:1 824:1 877:1 
limit	898:1 
limited	823:2 
line	898:2 
lipids	820:1 
lipton	819:1 821:3 822:1 823:2 824:1 825:1 826:2 
live	841:1 874:1 
living	824:1 
local	879:1 
locate	870:1 892:1 
located	813:1 816:1 
location	876:1 
locator	892:1 
lockyear	851:1 
lodi	809:1 810:1 811:1 812:1 813:2 814:2 815:1 816:1 818:1 
loh	813:1 
long	863:1 864:1 871:1 874:1 902:1 
longer	826:1 859:1 
looking	840:1 845:1 847:2 848:1 
loose	823:2 
lose	827:1 
loss	820:1 827:1 828:1 
lost	804:1 
lot	906:1 
loud	851:1 
louder	858:2 
love	839:2 
loved	839:1 
lover	825:1 843:1 844:1 
low	871:1 878:1 903:1 
lower	814:2 815:2 
lowess	898:1 
loêdaéª	816:1 
lurie	840:1 845:2 847:1 848:2 
lyrics	839:2 840:1 841:1 845:1 847:1 
m	824:1 851:1 864:2 865:1 866:1 867:1 868:1 873:1 875:2 
made	821:1 
magic	828:1 
magnitude	810:1 
main	808:1 885:1 
major	810:1 
majority	824:1 
making	808:1 
man	839:1 
management	831:1 
managing	802:1 
manufacturing	831:1 
many	819:1 821:1 859:1 878:1 894:1 899:1 
march	904:1 
marion	880:1 881:2 882:2 885:4 887:3 
maritime	901:1 903:1 904:1 
marked	907:1 
master	867:1 868:1 
masterâs	867:1 
materials	864:1 
matter	833:1 
maximum	829:1 871:1 876:1 878:1 
may	824:1 867:1 871:1 900:1 
mean	898:3 
meanings	839:1 
meant	907:1 
median	809:1 
mediterranean	802:1 
medium	849:2 
meet	888:1 
member	890:2 
members	889:1 893:1 
membership	889:4 893:3 
memberâs	889:1 893:1 
memories	839:1 
mental	888:1 
metabolise	820:1 
metal	858:5 
metro	812:1 
micropolitan	881:1 
middle	824:1 875:1 
might	860:1 863:1 
migrant	824:1 
mild	904:1 
miles	810:1 817:1 818:1 851:1 871:2 
military	803:1 888:1 889:1 891:3 892:1 893:1 895:4 896:4 897:3 
millennium	804:1 
millimetres	899:1 
million	803:1 807:1 870:1 
mind	874:1 
minimum	864:1 866:1 874:1 
misheard	839:1 
mobile	833:1 
model	837:1 
modem	837:1 
moderate	901:1 903:1 
molecules	849:1 
month	889:2 890:2 893:2 900:2 904:1 905:2 906:1 
monthly	889:1 893:1 906:1 
months	861:1 863:1 904:1 
moral	888:1 
more	814:1 815:1 819:1 836:1 860:1 861:1 884:1 889:1 893:1 894:1 
mortgages	809:1 
most	802:1 803:1 808:1 815:1 856:1 859:1 881:1 889:1 893:1 900:1 904:1 905:1 
motel	885:1 
motels	887:2 
move	850:1 
moves	849:1 850:1 853:2 855:2 
moving	850:1 855:1 
mp3	841:1 
ms	867:1 
much	872:1 877:1 889:1 890:1 892:1 906:1 
multi	819:1 
must	888:2 
my	823:1 824:1 839:6 843:3 844:3 861:1 863:1 864:1 873:1 877:1 
myself	852:1 
name	820:1 851:1 892:1 
narrower	854:1 
national	814:1 815:1 891:1 
nationals	888:1 
nations	803:1 
navy	889:1 894:1 
near	809:1 810:1 817:1 818:1 870:1 908:1 
nearby	874:1 
nearest	818:1 
nearly	804:1 
need	852:1 859:1 861:1 863:1 
needed	853:1 892:1 
neighboring	878:1 
neighbours	872:1 
nescafã©	824:1 
netherlands	899:5 901:2 903:2 904:2 906:2 
network	871:1 876:1 878:2 
nevada	817:1 
never	821:1 
new	807:1 825:1 840:1 845:1 847:1 848:1 867:1 869:1 907:1 
next	859:1 877:1 
nfpa	837:1 
night	827:1 
noise	851:1 
nonprofit	838:1 
north	899:2 901:1 903:1 
northeast	817:1 
northern	813:1 816:1 
notably	808:1 856:1 
notes	830:1 
noticed	822:1 
november	905:1 
now	824:1 826:1 861:1 863:1 877:1 
nuclear	895:1 896:1 
number	809:4 818:4 821:1 835:1 876:3 892:2 899:1 
numbers	821:1 897:1 
object	853:2 857:4 
objectâs	853:2 
observed	850:2 856:1 
obtaining	888:1 
occur	856:1 
occurred	810:1 907:1 
occurs	857:1 
ocean	875:1 901:1 903:1 
oct	822:1 
octavian	805:1 
october	900:1 
off	877:1 
offenders	809:2 818:2 
offer	867:1 
offered	859:1 
offers	894:1 
often	831:1 876:1 890:1 
oftentimes	889:1 893:1 
oh	828:1 
old	861:1 863:1 
older	890:1 
one	803:1 806:2 808:1 821:1 829:1 836:1 859:1 869:1 875:1 
only	802:1 822:1 835:1 867:1 877:1 899:1 
oolong	820:1 
op	862:1 
open	819:1 
operational	894:1 
option	836:1 
oracle	841:1 
orchard	817:1 
order	859:1 
oriented	865:1 868:1 
originally	840:1 845:1 847:1 848:1 874:1 
other	832:1 887:1 895:1 896:1 898:1 
others	867:1 
otherwise	871:1 
our	829:1 837:1 
out	872:3 882:1 889:1 893:1 
outdoor	894:1 
over	802:1 819:1 859:1 894:1 
overall	810:1 
own	828:1 
p0901	830:1 834:1 
pack	822:1 
packaging	825:1 
packed	820:1 
paid	809:1 
pain	873:1 
paper	802:1 
park	902:1 
part	802:1 821:1 881:2 882:1 
path	829:2 837:2 
paths	837:1 
pax	805:1 
pay	806:1 
peace	805:1 
pentagon	895:1 896:1 
people	824:1 859:1 874:1 906:1 
per	889:2 890:2 893:2 
percent	883:2 886:2 891:1 895:1 896:1 
perfect	827:2 
performance	833:1 841:1 
performed	840:1 845:1 847:1 848:1 
period	805:1 
permit	897:1 
person	892:1 
personnel	897:1 
ph	867:1 
phd	867:1 
phenomena	851:1 
phenomenon	850:1 855:1 856:1 
phone	870:1 877:1 885:3 887:1 
phones	872:1 877:1 
physical	888:1 
physics	856:1 
piano	840:1 845:1 847:1 848:1 
pieter	840:1 845:1 847:1 848:1 
pl	885:1 
place	823:1 869:1 870:1 
places	899:1 
plague	808:1 
plagues	808:1 
plane	851:1 
play	874:1 878:1 
plus	859:1 887:1 
political	803:1 805:1 
pools	894:1 
pop	818:2 
populace	807:1 
population	807:1 808:1 811:1 813:2 814:3 815:2 816:2 824:1 882:1 883:2 884:1 886:2 
populous	881:1 
port	812:1 
portion	813:1 816:1 
portuguãªs	808:1 
possession	802:1 
possible	892:1 
power	871:1 878:2 
powerful	803:1 
practice	865:1 
precipitation	899:2 
prefer	841:1 
pressure	903:1 
pretty	823:1 
prints	836:1 
priorities	891:1 
privacy	897:1 
processing	836:1 
processor	833:2 
produced	851:1 855:1 
produces	855:1 
product	826:1 
products	835:1 
professional	865:1 
program	830:1 834:1 836:1 865:2 866:1 867:2 868:2 
programs	864:1 
project	833:1 866:2 868:1 875:1 891:1 
projected	891:1 895:1 896:1 
projects	833:1 
promote	820:1 
properties	828:1 
property	809:1 
prosperity	805:1 
protocol	871:1 
provide	829:1 897:1 
provides	870:1 879:1 884:1 
providing	879:1 
provinces	899:1 
purchase	823:1 
purchased	822:1 
purely	873:1 
purpose	878:1 
put	872:2 
putting	875:1 
pyramid	823:1 
quad	833:1 
quality	826:1 841:1 
quartet	840:1 845:1 847:1 848:1 
question	862:1 
quickfacts	884:2 
quoted	890:1 
races	814:1 
radiation	872:2 
radio	832:1 837:1 
rain	900:1 904:1 905:1 
rainfall	906:1 
raise	808:1 
range	889:1 893:1 
rank	889:2 892:1 893:2 
rate	814:3 815:3 
ratio	809:1 818:1 
rd	885:1 
re	823:2 840:1 841:1 842:1 843:2 844:4 845:1 846:2 847:1 859:1 863:1 
reach	871:1 
reaching	907:1 
read	872:1 888:1 
ready	825:1 
real	809:1 866:1 
realaudio	841:1 
really	859:1 
rec01	830:2 834:1 
rec02	830:2 834:1 
rec03	830:1 834:1 
receipts	886:1 
receivable	830:2 
receive	867:1 
receives	876:1 
recent	826:1 
recently	872:1 
record	898:2 907:3 
rectangular	819:1 
red	898:1 
redistricting	879:1 
reduce	828:1 876:1 
refers	835:1 
region	899:1 
registered	809:1 818:1 835:2 
registration	835:1 
regular	825:1 835:2 891:1 895:1 896:1 
regulations	897:1 
rehabilitation	838:1 
related	895:1 896:1 
relative	898:1 
reliabil	829:1 
reliably	833:1 871:1 
remain	889:1 
rent	872:1 
replaces	866:1 
report	836:1 852:1 866:1 
reporting	837:1 
republic	805:1 
requests	892:1 897:1 
required	866:1 
requirements	837:1 865:1 
requires	865:1 866:1 868:1 
research	865:1 
reside	875:1 
residential	874:1 875:1 
residents	809:2 818:2 881:1 
respective	897:1 
responsiveness	833:1 
reusable	823:1 
revenue	886:1 
review	830:1 834:1 
revise	830:1 834:1 
rfid	832:1 
rise	817:1 
risk	828:1 
rivers	817:1 
rock	840:1 845:1 847:1 848:1 
role	878:1 
roman	802:1 803:1 805:1 806:1 808:2 
romana	805:1 
romans	802:1 804:1 
rome	802:1 804:1 806:1 807:2 808:1 
room	819:1 
rotterdam	900:2 
roughly	807:1 
round	842:1 
row	907:1 
rule	804:1 
runs	833:1 
s	804:1 805:2 807:2 808:1 810:1 813:1 816:2 821:2 829:1 842:1 845:1 848:1 851:1 864:1 865:1 867:1 879:1 888:1 907:1 
sack	819:1 
sacramento	817:1 
safe	887:1 
said	843:1 890:1 
sailor	842:1 843:1 846:1 
sailors	846:1 
sales	886:1 
same	836:1 850:1 
sample	879:1 
san	812:1 813:1 816:1 817:1 
say	812:1 823:1 824:1 842:2 846:1 
scales	898:1 
school	861:2 863:2 
schools	875:1 
scores	864:1 
sea	802:1 817:1 839:3 842:1 843:1 844:1 846:1 901:1 903:1 
seat	882:1 
second	862:1 
section	864:1 
security	892:1 
sediment	822:1 
see	837:1 898:1 
select	841:1 
selectable	837:2 
selection	879:1 
semester	862:1 
semesters	865:1 866:1 868:1 
sensitivity	873:1 
sent	897:1 
separate	876:1 899:1 
series	808:1 
serves	842:1 846:1 
service	892:1 897:2 
services	838:4 886:1 892:1 
set	830:1 834:1 836:1 859:1 866:1 878:1 
seven	831:1 
several	822:1 
severity	873:1 
sex	809:2 818:2 
shape	819:1 854:2 
shapes	819:1 
she	842:2 846:1 
ship	812:1 
shock	850:1 851:1 853:1 855:2 
shores	875:1 
short	826:1 
should	864:1 867:1 897:1 
show	861:1 898:1 
shown	835:1 
sierra	817:1 
sign	859:1 
signal	871:1 
simple	862:1 
since	907:2 
single	825:1 829:1 837:1 
sip	821:1 
site	863:1 870:1 
six	894:1 
sixth	881:1 
size	805:1 878:1 
slower	850:1 858:2 
slowly	808:1 
smellings	908:1 
smells	908:3 
smelly	908:2 
smelt	908:1 
smelted	908:1 
smelter	908:2 
smelteries	908:1 
smooth	898:1 
smoothly	833:1 
so	821:2 830:1 833:1 852:1 859:1 872:1 878:1 
social	886:1 889:1 892:1 893:1 
softer	858:2 
solution	829:2 837:1 
some	822:1 860:1 
something	827:1 
sometimes	851:1 878:1 
somewhat	812:1 
song	840:1 841:1 845:2 847:1 848:1 
sonic	850:1 851:1 852:1 857:1 
soothing	827:1 
sore	827:1 
sought	897:1 
sound	849:3 851:2 852:3 853:2 855:3 856:1 857:4 858:4 
source	850:2 854:1 855:2 873:1 
south	824:1 899:1 
southeast	817:1 
speak	888:1 
special	839:1 
specific	865:1 
specify	836:1 
speed	849:1 850:3 851:1 852:2 853:6 854:2 855:1 857:4 
speeds	851:3 
spendin	895:1 
spending	891:4 895:6 896:7 
sponsored	816:1 
square	803:1 
stability	805:1 
standards	888:1 
started	868:1 877:1 
state	809:1 810:1 814:1 815:1 818:1 879:1 
states	882:1 884:1 888:1 891:1 895:1 896:1 
station	829:1 
statistical	881:2 
statistics	884:1 
stats	811:1 
steal	842:1 846:1 
steaming	827:1 
step	877:1 
steps	834:1 
still	802:1 
stockton	812:2 817:1 818:1 
stored	828:1 
story	823:1 845:1 848:1 
streaming	841:1 
strong	873:1 903:1 
structures	832:1 
student	860:1 862:1 
study	862:1 864:1 869:1 
stuff	873:1 
style	823:1 
subcontinent	824:1 
successor	805:1 
suites	885:1 
summer	859:1 860:1 901:1 902:1 903:1 
summers	901:1 903:1 904:1 
sunshine	900:1 905:1 
superiority	802:1 
supersonic	851:2 
supervision	837:2 
suppose	858:1 
sure	824:1 
surface	898:1 
surrounding	817:1 
survey	879:1 
survivability	829:1 
sweetness	822:1 
sweval	840:1 845:1 847:1 848:1 
swimming	894:1 
switched	877:1 
system	831:1 836:1 
systems	903:1 
t	849:4 859:1 878:1 
table	830:1 834:1 899:1 
tabulation	879:1 
take	859:3 860:1 862:2 863:1 864:1 
takes	865:1 871:1 
taps	858:1 
taste	821:2 822:1 
taster	821:1 
taxes	806:1 808:1 809:1 
tea	819:4 820:2 821:6 822:1 823:5 824:1 825:4 826:3 827:1 
teas	821:1 827:2 828:1 
technical	866:1 873:1 
technologies	829:1 
technology	829:1 871:1 878:1 
telephone	897:1 
telstra	875:1 
temperate	901:1 903:1 
temperature	898:4 900:1 902:1 905:1 906:3 907:1 
temperatures	901:1 903:1 
tennis	889:1 893:1 894:1 
terminal	867:1 
terrain	817:1 
territory	803:1 
tetra	874:1 
texas	880:1 
than	810:1 814:3 815:3 836:1 850:2 851:1 853:1 855:2 858:4 859:1 872:1 889:1 890:1 893:1 
thanks	823:1 
thatâs	828:1 
them	821:2 823:1 842:1 846:1 877:1 
thesis	865:1 866:2 
think	852:1 
third	862:1 907:1 
those	865:1 867:1 899:1 
thread	890:1 
three	907:1 
throat	827:1 
through	849:3 858:8 
throughout	904:1 
throw	877:1 
thru	819:1 
time	803:1 807:1 861:1 898:1 902:2 907:1 
timing	837:1 871:1 
title	802:1 
toefl	864:1 
together	829:1 
tomorrow	872:1 
too	826:1 828:1 871:1 873:1 
topics	816:1 
total	810:1 814:1 815:1 836:1 883:1 886:3 891:1 895:1 896:1 
tower	871:1 872:1 873:1 875:1 876:2 878:2 
towers	869:1 870:3 
town	842:1 
towns	884:1 
toâliterallyâmelting	828:1 
trajan	803:1 
transmitter	878:2 
transportation	812:1 
travails	806:1 
travel	849:1 
traveling	851:1 
travels	849:1 857:4 858:4 
treasury	806:1 
trend	907:1 
tutorial	856:1 
twitter	891:1 895:1 
two	805:1 806:1 866:1 868:1 869:1 894:1 
types	832:1 856:1 
typical	871:1 904:1 
u	810:1 879:1 888:1 
ucc	832:1 
udc	830:1 834:1 
uk	810:1 
uncertainty	898:1 
unchanged	854:1 
uncomfortable	903:1 
under	803:1 890:1 
undergraduate	868:1 
understand	839:1 
unit	856:1 
united	882:1 888:1 891:1 895:1 896:1 
units	809:1 
unprecedented	805:1 
up	821:1 827:1 830:1 833:1 834:1 836:1 859:1 866:1 871:1 
upping	828:1 
urban	882:1 
us	870:1 
use	830:1 834:1 836:1 876:1 
used	825:1 829:2 831:1 832:2 843:1 
using	877:2 
usually	865:1 868:1 
v	854:1 
valid	864:1 
valley	813:1 816:1 
vals	837:1 
value	830:1 831:1 836:1 885:1 
values	830:2 834:2 
varies	901:1 903:1 
variety	824:1 
various	832:1 
ve	822:1 872:1 
version	836:1 841:1 
very	867:1 
victory	805:1 
viii	810:1 
visit	869:1 870:1 
volume	831:1 
voting	879:1 
w	885:1 
walk	902:1 
walmart	822:1 
wan	837:1 
want	823:1 869:1 870:1 872:1 
war	895:1 896:1 
warm	902:1 
warmest	907:1 
warming	827:1 907:1 
wastes	831:1 
watch	843:1 
watching	827:1 
water	825:1 856:2 
wave	849:1 850:1 851:1 853:3 854:5 855:1 
waves	849:3 850:2 855:2 856:5 
way	873:1 
we	838:1 
weapons	895:1 896:1 
weather	899:2 900:1 902:1 903:1 904:1 905:1 906:1 
weight	820:1 827:2 828:1 
well	837:1 879:1 
went	861:1 863:1 877:1 
were	805:1 806:1 819:1 869:1 874:1 907:1 
west	899:1 
western	806:1 887:1 
wet	899:1 
wettest	900:1 904:1 905:1 
what	812:1 821:1 833:1 842:1 843:1 844:2 846:1 864:4 
when	825:1 852:1 857:5 899:1 
whenever	850:1 
where	821:1 824:1 869:1 870:1 873:1 875:1 
whether	860:2 862:2 
which	808:1 814:1 815:1 819:1 820:1 823:1 849:1 853:1 857:1 889:1 893:1 906:1 
whiskey	842:2 846:1 
who	838:1 
whose	897:1 
wi	874:1 
wife	842:1 843:1 844:1 846:1 
wifi	872:1 
williamson	882:1 
wind	904:1 
wine	842:1 846:1 
winter	901:1 903:2 
winters	901:1 903:1 904:1 
winterâs	827:1 
wish	892:1 
within	831:1 832:1 
words	908:1 
work	862:1 866:2 869:1 870:1 871:1 874:1 879:1 
working	860:1 
works	842:1 
workstation	833:1 
world	803:2 807:2 866:1 
would	821:2 823:2 834:1 842:1 843:1 844:1 846:1 
write	888:1 
written	865:1 866:1 
xii	810:1 
yeah	843:1 846:1 
year	822:1 861:1 862:1 863:1 869:1 891:1 895:1 896:1 898:1 904:2 906:1 907:1 
years	805:1 819:1 822:1 825:1 826:2 859:1 860:1 861:1 862:1 863:1 883:2 886:2 894:1 907:2 
you	821:1 823:3 827:1 834:1 836:3 840:1 841:2 842:3 843:3 844:5 845:1 846:3 847:1 852:2 859:3 860:5 862:2 863:1 869:1 870:2 889:1 892:1 893:1 899:1 
your	820:1 821:1 828:4 830:1 833:1 834:1 836:1 846:1 860:1 862:1 869:2 870:2 
youth	838:1 
youâre	890:1 
â	807:1 
âblack	820:1 
â	820:1 
ëloê	813:1 
îµî»î»î·î½î¹îºî¬	808:1 
ø§ùø¹ø±ø¨ùø©	808:1 
